No;id;Messstelle;Kt;Strasse;StrasseTyp;DurchschnittlicherTagesverkehr2022;DurchschnittlicherMinute2022
2;CH:0002;CHALET-A-GOBET;VD;H 1;H;15411.72697;10.70258818
3;CH:0003;BRISSAGO S;TI;H 13;H;8767.975342;6.088871766
5;CH:0005;SCHWANDEN N;GL;H 17;H;6931.515068;4.813552131
9;CH:0009;BRUENIG, LETZI;OW;A 8;A;8135.076712;5.649358828
10;CH:0010;HOSPENTAL S, ST. GOTTHARD;UR;H 2;H;4294.466251;2.98226823
14;CH:0014;JULIER, SILVAPLANA;GR;H 3;H;3435.531507;2.385785769
16;CH:0016;TWANN, WINGREIS (AS);BE;A 5;A;12105.37288;8.406508945
17;CH:0017;BUCHS AG (AB);AG;A 1R;A;44576.90137;30.95618151
18;CH:0018;MEIRINGEN E, LAMMI;BE;H 6;H;4349.734247;3.020648782
20;CH:0020;UMF. ZUERICH N, AFFOLTERN (AB);ZH;A 1C;A;107228.7736;74.4644261
22;CH:0022;KRIESSERN (AB);SG;A 13;A;37817.52603;26.26217085
23;CH:0023;MATTSTETTEN (AB);BE;A 1;A;79696.56438;55.34483638
24;CH:0024;ROLLE (AR);VD;A 1;A;77230.70959;53.63243721
25;CH:0025;BAD RAGAZ (AB);SG;A 13;A;48448.91575;33.64508038
26;CH:0026;ENNETHORW (AB);LU;A 2;A;64841.87397;45.02907915
27;CH:0027;DISENTIS E;GR;H 19;H;2742.29863;1.904374049
30;CH:0030;SOYHIERES;JU;H 18;H;4762.80274;3.307501903
32;CH:0032;DEITINGEN (AB);SO;A 1;A;85652.87397;59.48116248
33;CH:0033;EPTINGEN N (AB);BL;A 2;A;59933.52055;41.62050038
35;CH:0035;TRUEBBACH S (AB);SG;A 13;A;42501.92877;29.51522831
38;CH:0038;STARRKIRCH;SO;H 5;H;15541.73699;10.79287291
40;CH:0040;ALPNACHSTAD (AS);OW;A 8;A;27443.54247;19.0580156
41;CH:0041;GRAND-ST-BERNARD (TUNNEL);VS;H 21;H;2371.854795;1.647121385
44;CH:0044;SAN BERNARDINO (TUNNEL);GR;A 13;A;8073.813699;5.606815068
49;CH:0049;STANSSTAD S (AB);NW;A 2;A;43626.64384;30.29628044
50;CH:0050;BRUNNEN, MOSITUNNEL;SZ;A 4;A;15166.02192;10.53195967
53;CH:0053;WEESEN, KERENZERBERG (AB);GL;A 3;A;37154.15068;25.80149353
54;CH:0054;ADLISWIL (AB);ZH;A 3;A;57918.26301;40.22101598
55;CH:0055;RICHTERSWIL (AB);ZH;A 3;A;59084.12877;41.03064498
56;CH:0056;SCHOENBUEHL, GRAUHOLZ (AB);BE;A 1;A;110020.0795;76.40283295
59;CH:0059;TRAV. DE NEUCHATEL E (AR);NE;A 5;A;42235.97808;29.33054033
60;CH:0060;GUNZGEN (AB);SO;A 1;A;96777.89041;67.20686834
64;CH:0064;CONT. DE LAUSANNE (AR);VD;A 9;A;94643.76712;65.72483828
66;CH:0066;SCHLIEREN (AB);ZH;A 1;A;36015.45479;25.0107325
67;CH:0067;NATERS, BITSCH;VS;H 19;H;7295.720548;5.066472603
68;CH:0068;COLOVREX-LAC (AR);GE;A 1;A;18447.38251;12.8106823
69;CH:0069;COLOVREX-AEROPORT (AR);GE;A 1A;A;57212.7314;39.73106348
70;CH:0070;BASEL, SCHWARZWALDBR. (AB);BS;A 2;A;87408.67945;60.70047184
72;CH:0072;HUNZENSCHWIL (AB);AG;A 1;A;71612.09863;49.73062405
73;CH:0073;HAERKINGEN (AB);SO;A 1;A;55548.09863;38.57506849
75;CH:0075;BOWIL, BORI;BE;H 10;H;10911.86849;7.577686454
76;CH:0076;GRANCIA (AS);TI;A 2;A;63766.48387;44.28228047
77;CH:0077;CHIASSO-BROGEDA (AS);TI;A 2;A;47563.96712;33.03053272
78;CH:0078;PAYERNE S;VD;H 1;H;9416.073973;6.538940259
79;CH:0079;SEEBERG N;BE;H 1;H;7722.586301;5.362907154
81;CH:0081;MUTTENZ, HARD (AB);BL;A 2;A;130170.6548;90.39628805
82;CH:0082;GOSSAU (AB);SG;A 1;A;60879.56164;42.27747336
83;CH:0083;VILLENEUVE (AR);VD;A 9;A;64906.28493;45.07380898
84;CH:0084;ST. GALLEN, ROSENB'TUNNEL (AB);SG;A 1;A;71960.16712;49.97233828
87;CH:0087;GUETTINGEN;TG;H 13;H;10179.4274;7.069046804
95;CH:0095;THUN, ALLMENDTUNNEL (AB);BE;A 6;A;44074.67945;30.60741629
96;CH:0096;DOMAT/EMS (AB);GR;A 13;A;35045.16712;24.33692161
98;CH:0098;CASTASEGNA;GR;H 3;H;4292.6;2.980972222
99;CH:0099;UMF. S-CHANF;GR;H 27;H;3740.986301;2.597907154
100;CH:0100;CIRCONVAL. BELLINZONA (AS);TI;A 2;A;52983.31579;36.7939693
102;CH:0102;RHEINFELDEN (AB);AG;A 3;A;62790.47934;43.60449954
104;CH:0104;MURI BE S (AB);BE;A 6;A;55962.93973;38.86315259
107;CH:0107;WUENNEWIL (AB);FR;A 12;A;25755.90411;17.88604452
110;CH:0110;SIMPLON, JOSEFGALERIE S;VS;A 9;A;3171.443836;2.202391553
111;CH:0111;FRUTIGEN S, KANDERGRUND;BE;H 223;H;6287.463014;4.36629376
114;CH:0114;BRUETTISELLEN N (AB);ZH;A 1;A;102261.925;71.01522569
115;CH:0115;LUZERN, REUSSPORTTUNNEL (AB);LU;A 2;A;99194.17808;68.88484589
116;CH:0116;GRANDVAUX N (AR);VD;A 9;A;66329.92603;46.06244863
117;CH:0117;HUENENBERG S (AB);ZG;A 4;A;81022.39452;56.26555175
118;CH:0118;BERN, FELSENAUVIADUKT (AB);BE;A 1;A;107277.4685;74.49824201
119;CH:0119;ERLENBACH I.S.;BE;H 11;H;8135.20274;5.649446347
121;CH:0121;COLOMBIER, AREUSE (AR);NE;A 5;A;38885.90137;27.00409817
122;CH:0122;FRAUENFELD W, KEFIKON (AB);TG;A 7;A;36686.76986;25.47692352
123;CH:0123;SCHAFFHAUSEN N (AB);SH;A 4;A;29766.94521;20.67148973
124;CH:0124;MURI AG N;AG;H 25;H;12912.8274;8.967241248
125;CH:0125;WUERENLINGEN;AG;H 5;H;14139.28926;9.818950872
126;CH:0126;LUZERN, SONNENBERGTUNNEL (AB);LU;A 2;A;70906.48493;49.24061454
127;CH:0127;ORBE N (AR);VD;A 9;A;16814.80952;11.67695106
129;CH:0129;HAGENBUCH, STEGEN (AB);ZH;A 1;A;49008.63679;34.03377555
131;CH:0131;TAMINS;GR;H 19;H;12204.6137;8.47542618
132;CH:0132;PARDISLA, CHLUSTUNNEL;GR;A 28;A;17124.29315;11.89187024
133;CH:0133;SCHULS W;GR;H 27;H;2930.471233;2.035049467
135;CH:0135;ARBON, A1/ZUBRINGER TG;TG;A 23;A;20206.15616;14.03205289
137;CH:0137;MONTE CENERI (AS);TI;A 2;A;54437.46575;37.80379566
138;CH:0138;BRUSIO N;GR;H 29;H;4260.816438;2.958900304
139;CH:0139;LUTERBACH (AB);SO;A 5;A;38357.59726;26.63722032
141;CH:0141;SULGEN E;TG;H 14;H;12283.67347;8.530328798
142;CH:0142;ZOFINGEN (AB);AG;A 2;A;50012.09016;34.73061817
145;CH:0145;AARBURG N;AG;H 2;H;23542.95616;16.34927511
147;CH:0147;CONT. DE BULLE (AR);FR;A 12;A;39513.32055;27.43980594
149;CH:0149;MEX (AR);VD;A 1;A;72473.71311;50.32896744
150;CH:0150;GOTTHARDTUNNEL;UR;A 2;A;18621.46849;12.93157534
155;CH:0155;GLETSCH N, GRIMSEL;VS;H 6;H;1950.284174;1.35436401
156;CH:0156;SEELISBERGTUNNEL (AB);UR;A 2;A;22375.46301;15.53851598
157;CH:0157;ALVASCHEIN, SOLISTUNNEL;GR;H 417;H;5992.356164;4.161358447
159;CH:0159;EMMENBRUECKE, RIFFIG (AB);LU;A 2;A;66284.90217;46.03118207
160;CH:0160;LA HEUTTE (AR);BE;A 16;A;20330.46053;14.11837537
163;CH:0163;MUENCHENBUCHSEE N (AB);BE;A 6;A;32908.53151;22.85314688
164;CH:0164;VISP W;VS;H 9;H;19039.88219;13.22214041
165;CH:0165;MARTIGNY N (AR);VS;A 9;A;45337.05753;31.48406773
166;CH:0166;BIASCA S (AS);TI;A 2;A;32693.73425;22.70398212
167;CH:0167;EBIKON, RATHAUSEN (AB);LU;A 14;A;69528.15254;48.28343927
169;CH:0169;FLUELA, TSCHUGGEN;GR;H 28;H;1864.500363;1.294791919
172;CH:0172;AIGLE, PONT GRANDE EAU;VD;H 11;H;6560.843836;4.556141553
173;CH:0173;LES VERRIERES;NE;H 10;H;3648.254795;2.533510274
174;CH:0174;COL DES ROCHES;NE;H 20;H;8908.386301;6.186379376
175;CH:0175;CONT. DE FRIBOURG (AR);FR;A 12;A;39119.01918;27.16598554
178;CH:0178;ANDELFINGEN, WEINLANDBR.;ZH;A 4;A;33173.06849;23.03685312
180;CH:0180;THAYNGEN;SH;H 15;H;15629.55616;10.85385845
181;CH:0181;FLURLINGEN S (AB);ZH;A 4;A;29521.41644;20.50098364
184;CH:0184;BERN, BUEMPLIZ (AB);BE;A 12;A;46373.05479;32.20351027
186;CH:0186;ST-GINGOLPH E;VS;H 21;H;11373.48493;7.898253425
188;CH:0188;LA CURE;VD;H 123;H;5704.730233;3.961618217
189;CH:0189;LE LOCLE E;NE;H 20;H;19928.47397;13.83921804
191;CH:0191;GOLDAU S (AB);SZ;A 4;A;27208.98913;18.89513134
194;CH:0194;URDORF (AB);ZH;A 3;A;85535.54247;59.39968227
195;CH:0195;ERSTFELD S (AB);UR;A 2;A;25859.47671;17.95796994
196;CH:0196;ANDERMATT, SCHOELLENEN;UR;A 2;A;6404.775342;4.447760654
197;CH:0197;DALLENWIL;NW;H 374;H;8337.819178;5.790152207
198;CH:0198;GOLDACH S (AB);SG;A 1;A;47381.23836;32.90363775
199;CH:0199;MENDRISIO S (AS);TI;A 2;A;53996.62192;37.49765411
200;CH:0200;GENEVE, BARDONNEX (AR);GE;A 1A;A;48013.73699;33.34287291
201;CH:0201;SION E  (AR);VS;A 9;A;27871.04115;19.35488969
203;CH:0203;ROVEREDO (AS);GR;A 13;A;12782.87945;8.876999619
205;CH:0205;EMMENBRUECKE, GRUEBLISCH. (AB);LU;A 2;A;86879.86849;60.33324201
206;CH:0206;YVERDON, EPENDES (AR);VD;A 1;A;54159.2;37.61055556
207;CH:0207;HEIMBERG (AB);BE;A 6;A;56068.61983;38.93654155
209;CH:0209;MARTIGNY, LE BROCARD;VS;H 21;H;15674;10.88472222
211;CH:0211;LEISSIGEN (TUNNEL) (AS);BE;A 8;A;17809.12877;12.36745053
212;CH:0212;VUE-DES-ALPES (TUNNEL);NE;H 20;H;22573.20274;15.67583524
214;CH:0214;BERN, BRUENNENTUNNEL (AB);BE;A 1;A;39704.42192;27.57251522
215;CH:0215;MUELLHEIM (AB);TG;A 7;A;17571.96438;12.20275304
216;CH:0216;WANGEN SZ (AB);SZ;A 3;A;43700.48493;30.34755898
217;CH:0217;MUENCHWILEN E (AB);TG;A 1;A;58960.19178;40.94457763
218;CH:0218;CRESSIER (AR);NE;A 5;A;21044.36438;14.61414193
221;CH:0221;ZUERICH BRUNAU (AB);ZH;A 3;A;61197.27123;42.49810502
222;CH:0222;PAYERNE N (AR);FR;A 1;A;23217.58356;16.12332192
224;CH:0224;GEN�VE, PLAN-LES-OUAT. (AR);GE;A 1A;A;42694.17808;29.64873478
225;CH:0225;EGERKINGEN, VERZWEIGUNG A2 (AB);SO;A 2;A;68369.52877;47.47883942
226;CH:0226;CRISSIER (AR);VD;A 1;A;115610.2442;80.28489182
227;CH:0227;OFENPASS, BUFFALORA;GR;H 28;H;1684.898026;1.170068074
228;CH:0228;ZIZERS (AB);GR;A 13;A;46758.4274;32.47113014
229;CH:0229;OFTRINGEN E (AB);AG;A 1;A;75034.40274;52.10722412
230;CH:0230;HASLE-RUEGSAU W;BE;H 23;H;15343.12603;10.65494863
232;CH:0232;SAXON W (AR);VS;A 9;A;44161.43014;30.66765982
233;CH:0233;ST-URSANNE, TUN. TERRI (AR);JU;A 16;A;17106.79178;11.87971651
234;CH:0234;YVERDON, TUN. DE POMY (AR);VD;A 1;A;26672.99178;18.52291096
235;CH:0235;PIETERLEN W (AB);BE;A 5;A;27577.87123;19.15129947
238;CH:0238;ROTHENBRUNNEN S (AB);GR;A 13;A;16874.13245;11.71814753
239;CH:0239;REIDEN S (AB);LU;A 2;A;52943.1726;36.76609209
240;CH:0240;UMF. ZUERICH N, SEEBACH (AB);ZH;A 1C;A;114145.6822;79.26783486
241;CH:0241;OPFIKON (AB);ZH;A 11;A;96728.45205;67.17253615
243;CH:0243;ST. GALLEN E, BERGBACHVIADUKT (AB);SG;A 1;A;63551.99452;44.13332953
244;CH:0244;REINACH BL (AB);BL;A 18;A;51362.72055;35.66855594
245;CH:0245;SARGANS A3 (AB);SG;A 3;A;49924.96296;34.67011317
246;CH:0246;KREUZLINGEN, GIRSBAERGTUNNEL N (AB);TG;A 7;A;12247.98082;8.505542237
247;CH:0247;ONNENS VD (AR);VD;A 5;A;19660.34641;13.65301834
248;CH:0248;RHEINFELDEN, AUTOBAHNZUBRINGER A3;AG;A 3;A;28257.54967;19.62329838
249;CH:0249;COPPET W (AR);VD;A 1;A;79978;55.54027778
250;CH:0250;AIGLE E (AR);VD;A 9;A;50251.22652;34.89668508
251;CH:0251;ERSTFELD N (AB);UR;A 2;A;25929.68767;18.00672755
253;CH:0253;GAMSEN (TUNNEL) (AB);VS;A 9;A;19049.2137;13.22862062
255;CH:0255;ZWEILUETSCHINEN N;BE;H 221;H;8720.389041;6.055825723
258;CH:0258;JULIER, LA VEDUTA;GR;H 3;H;3421.29863;2.375901826
260;CH:0260;FURKAPASS, TIEFENBACH;UR;H 19;H;1804.586471;1.253185049
261;CH:0261;OBERALPPASS W;UR;H 19;H;1379.920606;0.958278199
262;CH:0262;SUSTENPASS, MEIEN;UR;H 11;H;855.6191781;0.594179985
264;CH:0264;KLAUSENPASS W;UR;H 17;H;1555.318647;1.080082394
265;CH:0265;MOLENO N (AB);TI;A 2;A;32373.32329;22.48147451
268;CH:0268;ST. MAURICE (AB);VS;A 9;A;45285.73425;31.44842656
269;CH:0269;SIERRE W (AB);VS;A 9;A;13882.43836;9.640582192
272;CH:0272;GENEVE, PONT DU RHONE (AR);GE;A 1;A;76361.98356;53.02915525
274;CH:0274;WUERENLOS (AB) - AG1401;AG;A 1;A;125500.663;87.1532382
275;CH:0275;FRAUENFELD OST  (AB);TG;A 7;A;32740.29315;22.73631469
279;CH:0279;ENNEY N, SAUSSIVUE;FR;H 190;H;11044.49863;7.669790715
280;CH:0280;SCHAFISHEIM (AB) - AG1410;AG;A 1;A;74989.6129;52.07612007
282;CH:0282;ST. JOSEFEN (AB), SITTERVIADUKT;SG;A 1;A;70696.79934;49.09499954
283;CH:0283;BASEL - ST. JOHANN, TUNNEL E (AB);BS;A 3;A;53980.55342;37.48649543
285;CH:0285;BERN, FORSTHAUS (AB);BE;A 1;A;108193.0685;75.13407534
286;CH:0286;WALLISELLEN (AB);ZH;A 1;A;133888.4356;92.97808029
288;CH:0288;NIEDERBIPP (AB);BE;A 1;A;88967.90535;61.7832676
289;CH:0289;CAMIGNOLO (AS);TI;A 2;A;58358.0411;40.52641743
290;CH:0290;OFTRINGEN-ROTHRIST (AB) - AG1412;AG;A 1;A;108533.2384;75.37030441
291;CH:0291;RENENS (AR);VD;A 1;A;107224.7863;74.46165715
292;CH:0292;MADISWIL N;BE;H 244;H;8454.118812;5.870915842
294;CH:0294;KUETTIGEN N;AG;H 24;H;10367.81644;7.199872527
296;CH:0296;HORW, SCHLUNDTUNNEL (AB);LU;A 2;A;68870.59452;47.82680175
298;CH:0298;OTHMARSINGEN (AB);AG;A 1;A;86109.11513;59.79799662
299;CH:0299;WOLLERAU, BLATTTUNNEL (AB);SZ;A 3;A;54827.96986;38.07497907
300;CH:0300;ETOY (AR);VD;A 1;A;80334.07397;55.78755137
301;CH:0301;BIRMENSDORF N (AB) - ZH1103;ZH;A 4;A;84449.2;58.64527778
302;CH:0302;ARBON, A1/ZUBRINGER SG;SG;A 23;A;29844.40548;20.72528158
304;CH:0304;EICH (AB);LU;A 2;A;59002.94521;40.9742675
305;CH:0305;BRUEGG (AB);BE;A 6;A;29622;20.57083333
306;CH:0306;VILLARS-SUR-GL�NE (AR);FR;A 12;A;47557.37808;33.025957
307;CH:0307;OBERFAHR (AB);SG;A 13;A;37700.89041;26.1811739
308;CH:0308;LACHEN (AB);SZ;A 3;A;56778.76712;39.42969939
309;CH:0309;SPIEZ (AB);BE;A 6;A;33981.21644;23.59806697
310;CH:0310;SENNWALD (AB);SG;A 13;A;40346.63158;28.01849415
311;CH:0311;STEINHAUSEN W (AB);ZG;A 14;A;64850.72055;45.0352226
313;CH:0313;ARDON (AR);VS;A 9;A;45705.99178;31.74027207
314;CH:0314;REICHENBURG (AB);SG;A 3;A;51609.08767;35.83964422
318;CH:0318;MELS N (AB);SG;A 3;A;41151.67397;28.57755137
319;CH:0319;BUONAS (AB);ZG;A 4;A;37761.70685;26.22340753
320;CH:0320;CHUR NORD (AB);GR;A 13;A;49166.94795;34.14371385
321;CH:0321;BASEL, ANSCHLUSS WIESE,  A3 (AB);BS;A 3;A;61978.86027;43.04087519
322;CH:0322;ZILLIS (AS);GR;A 13;A;10555.21096;7.33000761
323;CH:0323;MURTEN (AB);FR;A 1;A;20776.3726;14.42803653
324;CH:0324;CHATEL-ST-DENIS N (AR);FR;A 12;A;35389.88321;24.57630779
325;CH:0325;DUEDINGEN S (AB);FR;A 12;A;29670.87123;20.60477169
326;CH:0326;FLAMATT E (AB);FR;A 12;A;39157.82192;27.19293189
328;CH:0328;ESTAVAYER-LE-LAC E (AR);FR;A 1;A;28638.22466;19.88765601
329;CH:0329;MURTEN, LOEWENBERG (AB);FR;A 1;A;26461.75691;18.37622007
331;CH:0331;CHATEL ST. DENIS (AR);VD;A 12;A;37654.9589;26.14927702
333;CH:0333;BAVOIS (AR);VD;A 1;A;61347.27984;42.60227766
335;CH:0335;WIGGERTAL (AB) - AG1411;AG;A 1;A;73512.84932;51.0505898
341;CH:0341;NEUENHOF (AB) - AG1402;AG;A 1;A;130965.3197;90.94813866
345;CH:0345;RHEINFELDEN (AB) - AG1424;AG;A 3;A;72120.68852;50.08381148
349;CH:0349;RHEINFELDEN (AB) - AG1420;AG;A 3;A;49964.39344;34.69749545
353;CH:0353;WORB W;BE;H 10;H;12493.15616;8.675802892
354;CH:0354;SAANENMOESER;BE;H 11;H;4659.6875;3.235894097
357;CH:0357;SCHWARZENBURG E;BE;H 183;H;4274.575342;2.968455099
361;CH:0361;KIRCHBERG S;BE;H 23;H;17012.58904;11.81429795
363;CH:0363;AARWANGEN, SCHUERHOF;BE;H 244;H;11792.16438;8.189003044
364;CH:0364;SUMISWALD, GAMMENTHAL;BE;H 23;H;5598.419178;3.887791096
368;CH:0368;BERN, ZUBRINGER NEUFELD (TUNNEL);BE;A 1;A;20366.63562;14.14349696
370;CH:0370;CHEXBRES E (AR);VD;A 9;A;65668.72897;45.60328401
373;CH:0373;KLOSTERS, MEZZASELVA - GR241;GR;A 28;A;10275.53699;7.135789574
381;CH:0381;BIRRHARD E (AB);AG;A 1;A;124334.4836;86.34339139
385;CH:0385;ALTDORF;UR;H 2;H;10583.97534;7.349982877
392;CH:0392;PLAUN DA LEJ;GR;H 3b;H;4738.468493;3.29060312
394;CH:0394;GLARUS N;GL;H 17;H;20169.19726;14.00638699
395;CH:0395;GSTAAD S;BE;H 142;H;4314.810959;2.996396499
396;CH:0396;REICHENBACH S;BE;H 223;H;15581.60822;10.82056126
397;CH:0397;CHARMEY;FR;H 189;H;6704.235616;4.655719178
398;CH:0398;ROUGEMONT W;VD;H 11;H;3797.416438;2.637094749
399;CH:0399;ROS�;FR;H 181;H;15695.27397;10.89949581
501;CH:0501;SUGIEZ, LE P�AGE N;FR;H 10;H;12190.14521;8.465378615
502;CH:0502;OBERURNEN, ZUBRINGER GLARNERLAND (AB);GL;A 17;A;16548.35802;11.49191529
504;CH:0504;NYON, CRASSIER (AR);VD;A 1;A;79886.89863;55.47701294
505;CH:0505;GLAND, DUILLIER (AR);VD;A 1;A;77257.88219;53.65130708
506;CH:0506;SOLDUNO N;TI;H 407;H;12621.35616;8.76483067
508;CH:0508;MENDRISIO N  (AS);TI;A 2;A;68239.28571;47.38839286
509;CH:0509;ROLLE N (AR);VD;A 1;A;77291.29315;53.67450913
510;CH:0510;QUARTINO;TI;H 13;H;26755.71781;18.58035959
511;CH:0511;MORGES CENTRE (AR);VD;A 1;A;83128.09346;57.72784268
512;CH:0512;DERENDINGEN (AB);SO;A 1;A;67638.60773;46.97125537
513;CH:0513;WANGEN A. A. (AB);BE;A 1;A;91020.67397;63.20880137
517;CH:0517;GOSSAU, OBERBERG (AB);SG;A 1;A;59887.15616;41.58830289
518;CH:0518;ZUERICH HARDTURM (AB);ZH;A 1H;A;32113.2137;22.30084285
521;CH:0521;CAVIANO DOGANA DIRINELLA;TI;H 405;H;4601.385621;3.195406681
522;CH:0522;BELCHEN S (AB);SO;A 2;A;59794.37705;41.52387295
523;CH:0523;MUENSINGEN (AB);BE;A 6;A;50307.88493;34.9360312
524;CH:0524;OLIVONE - LUCOMAGNO;TI;H 416;H;2002.846575;1.390865677
525;CH:0525;TENERO;TI;A 13;A;34454.36214;23.92664037
526;CH:0526;INTRAGNA-CENTOVALLI;TI;H 560;H;2915.589041;2.024714612
527;CH:0527;GONDO - VS40001;VS;A 9;A;2911.405479;2.021809361
528;CH:0528;GURTNELLEN (AB);UR;A 2;A;24288.50685;16.86701865
529;CH:0529;WASSEN (AB);UR;A 2;A;23323.23288;16.1966895
533;CH:0533;HENGGART (AB) - ZH0497;ZH;A 4;A;34890.74795;24.22968607
534;CH:0534;LAUSANNE BLECHERETTE (AR);VD;A 9;A;90672.42466;62.96696157
535;CH:0535;LAUSANNE, BELMONT (AR);VD;A 9;A;70186.7;48.74076389
536;CH:0536;LAUSANNE LA CROIX (AR);VD;A 9;A;56805.8913;39.44853563
537;CH:0537;VEVEY (AR);VD;A 9;A;76682.06908;53.25143686
538;CH:0538;MONTREUX (AR);VD;A 9;A;73091.46301;50.75796043
539;CH:0539;HINTERRHEIN (AB) TUNNEL CASSANAWALD;GR;A 13;A;8300.263014;5.764071537
540;CH:0540;WELSCHENROHR W;SO;H 30;H;2343.336986;1.627317352
541;CH:0541;GISIKON (AB);ZG;A 14;A;60566.48889;42.06006173
546;CH:0546;SPREITENBACH O (AB);AG;A 1;A;111217.1311;77.23411885
547;CH:0547;ASCONA GALLERIA;TI;A 13;A;12161.59178;8.445549848
548;CH:0548;DEVELIER (AR);JU;A 16;A;20545.60548;14.26778158
549;CH:0549;BARGEN N, ZOLL (AB);SH;A 4;A;2969.547945;2.062186073
562;CH:0562;BIRMENSDORF, HAFNERGERGTUNNEL (AB) - ZH1104;ZH;A 4;A;84618.49589;58.76284437
565;CH:0565;AESCHERTUNNEL (AB) - ZH1201;ZH;A 3;A;87073.61096;60.46778539
572;CH:0572;ISLISBERGTUNNEL MITTE (AB) - ZH2102;ZH;A 4;A;61464.5726;42.68373097
577;CH:0577;UETLIBERGTUNNEL MITTE (AB) - ZH1207;ZH;A 3;A;71329.86301;49.53462709
581;CH:0581;WOLLISHOFEN, ENTLISBERG (AB) - ZH1213;ZH;A 3;A;68566.30411;47.61548896
582;CH:0582;ANDERMATT, OBERALPSTRASSE - UR9004;UR;H 19;H;2484.230137;1.725159817
584;CH:0584;HOSPENTAL, FURKASTRASSE - UR9301;UR;H 19;H;2255.591781;1.566383181
587;CH:0587;KREUZLINGEN, HAUPTZOLLAMT;TG;A 7;A;18098.3726;12.56831431
588;CH:0588;SCHMERIKON (AB);SG;A 15;A;30890.33151;21.4516191
591;CH:0591;ALTDORF, SCHMIEDGASSE - UR6018;UR;H 2;H;11708.28177;8.130751228
593;CH:0593;UFFIKON (AB);LU;A 2;A;51350.11438;35.65980165
598;CH:0598;MEGGENHUS, VERZWEIGUNG (AB);SG;A 23;A;41721.87397;28.97352359
599;CH:0599;BURIET, RUDERBACH (AB);SG;A1;A;49001.92877;34.0291172
600;CH:0600;AU, LEHNENVIADUKT (AB);SG;A 13;A;47983.30137;33.32173706
601;CH:0601;ST.GALLEN, SCHORENTUNNEL;SG;A 1;A;33199.07671;23.05491438
602;CH:0602;ST. GALLEN, HARZBUECHEL;SG;A 1;A;66488.75;46.17274306
603;CH:0603;WALENSTADT, TSCHERLACH (AB);SG;A 3;A;33267.27123;23.10227169
604;CH:0604;SEVELEN, RASTPLATZ (AB);SG;A 13;A;50772.87397;35.25894026
605;CH:0605;ST.GALLEN, ANSCHL. BREITFELD;SG;A 1;A;29881.53699;20.75106735
607;CH:0607;THALWIL (AB) - ZH104;ZH;A 3;A;56954.84658;39.55197679
608;CH:0608;COL DES MOSSES;VD;H 11;H;2200.986301;1.528462709
609;CH:0609;HENDSCHIKEN;AG;H 25;H;21223.04658;14.73822679
612;CH:0612;BRUGG W, UNTERFUEHRUNG - AG1533;AG;H 5;H;10984.11781;7.627859589
617;CH:0617;CONT. BULLE;FR;H 189;H;23909.81096;16.60403539
618;CH:0618;BLEGI N (AB);ZG;A 4;A;56925.15616;39.53135845
625;CH:0625;STEINHAUSEN E (AB);ZG;A 14;A;49916.50411;34.66423896
627;CH:0627;FONTANA, VALLE BEDRETTO - TI0917;TI;H 413;H;1033.564384;0.717753044
628;CH:0628;MARTIGNY-CROIX W, FORCLAZ - VS00134021;VS;H 203;H;3530.315068;2.451607686
630;CH:0630;CALFREISEN - GR211;GR;H 566;H;2206.386301;1.532212709
632;CH:0632;DAVOS N, LARET - GR0237;GR;H 28;H;6889.888158;4.784644554
633;CH:0633;WIESEN E - GR0239;GR;H 417;H;1510.931507;1.049257991
634;CH:0634;BERNINA, BARACON - GR0248;GR;H 29;H;2534.438356;1.760026636
635;CH:0635;TAVETSCH, CRESTAS-TUNNEL -  GR0306;GR;H 19;H;2087.043836;1.449335997
636;CH:0636;ZERNEZ N, PRASCHITSCH - GR336;GR;H 27;H;3617.514151;2.512162605
641;CH:0641;ATTIKON (AB);ZH;A 1;A;43621.92925;30.29300642
642;CH:0642;SACHSELN, ZOLLHAUS KANTONSSTRASSE;OW; ; ;3295.063014;2.288238204
643;CH:0643;SACHSELN, ZOLLHAUS N;OW;A 8;A;11273.01096;7.828479833
649;CH:0649;SORENS (AR);FR;A 12;A;39363.41918;27.33570776
656;CH:0656;SPIRINGEN - UR6301;UR;H 17;H;2674.969863;1.85761796
657;CH:0657;BUERGLEN - UR6303;UR;H 2;H;11978.08219;8.318112633
658;CH:0658;CONTHEY (AR);VS;A 9;A;45693.36438;31.73150304
668;CH:0668;MONTHEY - VS164002;VS;H 201;H;11931.59559;8.28583027
671;CH:0671;VAUMARCUS (AR);NE;A 5;A;19046.00822;13.2263946
672;CH:0672;GORGIER (AR);NE;A 5;A;22683.12877;15.75217275
673;CH:0673;BEVAIX (AR);NE;A 5;A;26602.64384;18.47405822
674;CH:0674;BOUDRY (AR);NE;A 5;A;32185.83836;22.35127664
675;CH:0675;NEUCH�TEL-OUEST TUNNEL (AR);NE;A 5;A;27260.80548;18.93111492
676;CH:0676;HAUTERIVE (AR);NE;A 5;A;37539.51507;26.06910769
677;CH:0677;VALANGIN;NE;A 20;A;33442.12603;23.22369863
683;CH:0683;LOCARNO, TUNNEL MAPPO MORETTINA;TI;H 13;H;24527.04527;17.03267032
685;CH:0685;ALTDORF KLAUSENSTRASSE - UR6017;UR;H 17;H;7744.819178;5.378346651
686;CH:0686;ADLIKON (AB) - ZH4889;ZH;A 4;A;31037.96712;21.55414384
687;CH:0687;ALTDORF GOTTHARDSTRASSE - UR6014;UR;H 2;H;13713.66849;9.523380898
690;CH:0690;FLUEELEN (AB);UR;A 4;A;16944.32055;11.76688927
691;CH:0691;LYSS;BE;A 6;A;25531.4411;17.73016743
692;CH:0692;GLARUS S;GL;H 17;H;10593.22192;7.35640411
693;CH:0693;NAEFELS N;GL;H 17;H;10028.81918;6.964457763
694;CH:0694;ROOT (AB);LU;A 14;A;60227.21644;41.82445586
696;CH:0696;BUETZBERG;BE;H 1;H;9862.4;6.848888889
697;CH:0697;CHAM N (AB);ZG;A 4;A;90294.87945;62.7047774
708;CH:0708;KUEBLIS;GR;A 28;A;11364.03288;7.891689498
720;CH:0720;SCHWYZ (AB);SZ;A 4;A;22011.10685;15.28549087
723;CH:0723;OENSINGEN, AEUSSERE KLUS;SO;H 30;H;20334.5726;14.12123097
724;CH:0724;SCHOENENWERD;SO;H 5;H;16236.08493;11.27505898
725;CH:0725;KLEINANDELFINGEN N (AB);ZH;A 4;A;32522.44658;22.58503234
726;CH:0726;ECUVILLENS (AR);FR;A 12;A;42695.54247;29.64968227
727;CH:0727;VERZWEIGUNG RUETIHOF (AB);ZG;A 4;A;48840.36438;33.91691971
728;CH:0728;SEUZACH (AB);ZH;A 1;A;73377.03268;50.95627269
729;CH:0729;GALLERIA VEDEGGIO-CASSARATE;TI;H 399;H;24360.16438;16.91678082
733;CH:0733;BRIENZWILER, WILERBRUECKE E;BE;H 6;H;5385.358904;3.739832572
734;CH:0734;INNERTKIRCHEN E, SUSTEN;BE;H 11;H;1819.112329;1.263272451
735;CH:0735;ZWEILUETSCHINEN E;BE;H 221;H;6130.451613;4.257258065
739;CH:0739;TURTMANN (AB);VS;A 9;A;10948.95616;7.603441781
746;CH:0746;SEFTIGEN, BURGIWIL N;BE;H 221;H;5094.786301;3.538046043
747;CH:0747;FRUTIGEN S;BE;H 223.1;H;4848.765432;3.367198217
748;CH:0748;WEISSENBACH;BE;H 11;H;6102.350685;4.237743531
749;CH:0749;CHAMPFER S;GR;H 27;H;10326.2411;7.171000761
757;CH:0757;MITTALTUNNEL;VS;H 509;H;4005.246575;2.781421233
759;CH:0759;NAENIKON;ZH;A 15;A;53244.85526;36.97559393
760;CH:0760;USTER O;ZH;A 15;A;31475.21547;21.85778852
761;CH:0761;HINWIL N;ZH;H 340;H;16946.08475;11.76811441
763;CH:0763;HINWIL S;ZH;A 15;A;35986.06027;24.99031963
764;CH:0764;HIRZEL;ZH;H 338;H;17383.90959;12.07215944
765;CH:0765;ST.GALLEN, WINKELN ALTER ZOLL - SG51;SG;H 8;H;15134.72329;10.51022451
766;CH:0766;JONA;SG;A 15;A;23673.53973;16.43995814
769;CH:0769;HERBLINGEN;SH;A 4;A;20103.8107;13.96097965
771;CH:0771;TUNNEL EGGFLUE;BL;A 18;A;18540.07123;12.87504947
773;CH:0773;FUELLINSDORF;BL;A 22;A;36244.41633;25.16973356
775;CH:0775;LAUSEN (AB);BL;A 22;A;20877.74521;14.49843417
776;CH:0776;WALDSTATT;AR;H 8;H;9068.542466;6.297598935
779;CH:0779;DOUANE VALLORBE;VD;A 9;A;15188.65205;10.54767504
785;CH:0785;ESCHIKOFEN;TG;A 23;A;14165.42466;9.837100457
789;CH:0789;WEINFELDEN;TG;H 14;H;20135.14521;13.98273973
796;CH:0796;VEZIA W;TI; ; ;17098.07123;11.87366058
799;CH:0799;SERRI�RES, TUNNEL (AR);NE;A 5;A;35467.50685;24.63021309
800;CH:0800;NEU-BOIS, TUNNEL (AR);JU;A 16;A;7590.964384;5.271503044
803;CH:0803;BASEL - ST.JOHANN, TUNNEL W (AB);BS;A 3;A;35177.84932;24.42906202
814;CH:0814;MARIN EST (AB);NE;A 5;A;38284.4274;26.58640791
815;CH:0815;MARIN OUEST (AB);NE;A 5;A;41900.46849;29.09754756
816;CH:0816;SISSACH (AB);BL;A 2;A;58657.00987;40.73403463
817;CH:0817;EFFINGEN (AB);AG;A 3;A;38005.85205;26.39295282
818;CH:0818;SOLOTHURN (AB);SO;A 5;A;47739.65753;33.15253995
819;CH:0819;LENGNAU (AB);BE;A 5;A;24024.93548;16.68398297
827;CH:0827;BUCHS (AB);SG;A 13;A;45630.53947;31.68787463
828;CH:0828;TRUEBBACH N (AB);SG;A 13;A;45156.16438;31.35844749
829;CH:0829;BILTEN (AB);GL;A 3;A;50150.89315;34.82700913
830;CH:0830;NIEDERURNEN (AB);GL;A 3;A;38918.16164;27.02650114
833;CH:0833;BUETTENBERGTUNNEL (AB);BE;A 5;A;30888.20822;21.4501446
834;CH:0834;LAENGHOLZTUNNEL (AB);BE;A 5;A;36658.72329;25.45744673
837;CH:0837;SCHWAMENDINGEN (AB);ZH;A 1;A;148681.0531;103.2507313
839;CH:0839;STANS NORD (AB);NW;A 2;A;41947.9589;29.13052702
840;CH:0840;BUOCHS WEST (AB);NW;A 2;A;27729.76164;19.25677892
841;CH:0841;BUOCHS OST (AB);NW;A 2;A;24997.55068;17.3594102
845;CH:0845;BAHNTAL 2 A4;SH;A 4;A;16185.11233;11.23966134
846;CH:0846;BAHNTAL 3 A4;SH;A 4;A;16097.19452;11.17860731
847;CH:0847;ENGI A4 GALGENBUCKTUNNEL;SH;H 13;H;21696.25205;15.0668417
851;CH:0851;ECHANGEUR GD.ST.BERNARD OUEST (AR);VS;A 9;A;43137.67671;29.95671994
852;CH:0852;ECHANGEUR GD.ST.BERNARD EST (AR);VS;A 9;A;37502.05753;26.04309551
853;CH:0853;BIEL/BIENNE NORD (AB);BE;A 16;A;16160.40548;11.22250381
854;CH:0854;BENKEN N (AB);ZH;A 4;A;28531.43562;19.81349696
855;CH:0855;BENKEN S (AB);ZH;A 4;A;28971.13151;20.11884132
