id;description;canton;direction_1;direction_2;route;east_lv95;north_lv95
2;CHALET-A-GOBET;VD;c;LAUSANNE            ;H 1;2545269;1158463
3;BRISSAGO S;TI;ITALIEN             ;LOCARNO             ;H 13;2697383;1106719
5;SCHWANDEN N;GL;GLARUS              ;LINTHAL             ;H 17;2724500;1206725
6;MUTTENZ, A2/ZUBR. SCHAENZLI;BL;DELEMONT;BASEL               ;H 18;2613975;1265100
9;BRUENIG, LETZI;OW;INTERLAKEN          ;LUZERN              ;A 8;2653895;1180111
10;HOSPENTAL S, ST. GOTTHARD;UR;BELLINZONA;GOESCHENEN;H 2;2686133;1163466
14;JULIER, LA VEDUTA;GR;ST. MORITZ          ;CHUR                ;H 3;2780967;1148640
16;TWANN, WINGREIS (AR);BE;BIEL                ;NEUCHATEL           ;A 5;2580072;1216807
17;BUCHS AG (AB);AG;HUNZENSCHWIL        ;AARAU               ;A 1R;2650037;1248772
18;MEIRINGEN E, LAMMI;BE;INNERTKIRCHEN       ;INTERLAKEN          ;H 6;2658844;1174166
20;UMF. ZUERICH N, AFFOLTERN (AB);ZH;GLATTBRUGG          ;VERZW. A1C/A1;A 1C;2683206;1254171
22;KRIESSERN (AB);SG;SARGANS;ST. MARGRETHEN;A 13;2764911;1248590
23;MATTSTETTEN (AB);BE;ZUERICH;BERN;A 1;2607542;1211292
24;ROLLE (AR);VD;LAUSANNE;GENEVE;A 1;2511980;1144261
25;BAD RAGAZ (AB);SG;CHUR                ;SARGANS             ;A 13;2757109;1209132
26;ENNETHORW (AB);LU;STANS;LUZERN;A 2;2666381;1205794
27;DISENTIS E;GR;DISENTIS            ;REICHENAU           ;H 19;2710375;1174814
30;SOYHIERES;JU;DELEMONT            ;LAUFEN              ;H 18;2594890;1248731
32;DEITINGEN (AB);SO;ZUERICH             ;BERN;A 1;2613134;1230399
33;EPTINGEN N (AB);BL;HAERKINGEN          ;AUGST               ;A 2;2628330;1249583
35;TRUEBBACH S (AB);SG;VERZW. A3 / A13;ST. MARGRETHEN;A 13;2753828;1211721
38;STARRKIRCH;SO;AARAU               ;OLTEN               ;H 5;2636575;1244700
40;ALPNACHSTAD (AB);OW;BRUENIG             ;LUZERN              ;A 8;2663860;1200535
41;GRAND-ST-BERNARD (TUNNEL);VS;ITALIEN;SCHWEIZ;H 21;2580955;1083000
42;UMF. BERN OST (AB);BE;FREUDENBERGERPL.;WANKDORF;A 6;2602424;1200830
43;PREVERENGES (AR);VD;LAUSANNE            ;MORGES              ;A 1;2531160;1153570
44;SAN BERNARDINO (TUNNEL);GR;BELLINZONA          ;CHUR                ;A 13;2734280;1147290
47;LAUFENBURG W;AG;KOBLENZ             ;BASEL               ;H 7;2646309;1267463
49;STANSSTAD S (AB);NW;ALTDORF             ;LUZERN              ;A 2;2668230;1203208
50;BRUNNEN, MOSITUNNEL;SZ;ALTDORF             ;LUZERN              ;A 4;2689129;1205058
51;STABIO;TI;ITALIEN;MENDRISIO;H 394;2716211;1078348
53;WEESEN, KERENZERBERG (AB);GL;SARGANS;ZUERICH;A 3;2726202;1220871
54;ADLISWIL (AB);ZH;SARGANS             ;ZUERICH             ;A 3;2682858;1241587
55;RICHTERSWIL (AB);ZH;SARGANS             ;ZUERICH             ;A 3;2693420;1229725
56;SCHOENBUEHL, GRAUHOLZ (AB);BE;ZUERICH;BERN;A 1;2604170;1205987
59;TRAV. DE NEUCHATEL E (AR);NE;ST-BLAISE           ;YVERDON             ;A 5;2562400;1205480
60;GUNZGEN (AB);SO;ZUERICH             ;BERN                ;A 1;2628894;1240158
64;CONT. DE LAUSANNE (AR);VD;VEVEY;GENEVE;A 9;2538074;1155288
66;SCHLIEREN (AB);ZH;ZUERICH             ;BERN                ;A 1;2677044;1250996
67;NATERS, BITSCH;VS;FIESCH              ;BRIG                ;H 19;2644895;1132144
68;COLOVREX-LAC (AR);GE;LAUSANNE            ;GENEVE              ;A 1;2499780;1123301
69;COLOVREX-AEROPORT (AR);GE;LAUSANNE            ;AEROPORT            ;A 1A;2499780;1123301
70;BASEL, SCHWARZWALDBR. (AB);BS;AUGST               ;DEUTSCHLAND         ;A 2;2613278;1267383
72;HUNZENSCHWIL (AB);AG;ZUERICH;BERN;A 1;2650773;1248155
73;HAERKINGEN (AB);SO;ZUERICH             ;BERN                ;A 1;2627897;1240215
75;BOWIL, BORI;BE;LANGNAU             ;ZAEZIWIL            ;H 10;2620471;1194822
76;GRANCIA (AS);TI;CHIASSO             ;LUGANO              ;A 2;2715305;1091438
77;CHIASSO-BROGEDA (AS);TI;ITALIEN;SCHWEIZ;A 2;2722974;1077710
78;PAYERNE S;VD;BERN                ;LAUSANNE            ;H 1;2560432;1181055
79;SEEBERG N;BE;HERZOGENBUCHSEE     ;KIRCHBERG           ;H 1;2617237;1223443
81;MUTTENZ, HARD (AB);BL;AUGST;BASEL;A 2;2615523;1265351
82;GOSSAU (AB);SG;ST. GALLEN          ;WINTERTHUR          ;A 1;2734186;1254450
83;VILLENEUVE (AR);VD;MARTIGNY            ;VEVEY               ;A 9;2560490;1137020
84;ST. GALLEN, ROSENB'TUNNEL (AB);SG;ST. GALLEN OST;ST. GALLEN WEST;A 1;2746350;1255250
87;GUETTINGEN;TG;ROMANSHORN          ;KREUZLINGEN         ;H 13;2739472;1274007
93;UMF. WINTERTHUR (AB);ZH;OHRINGEN;WUELFLINGEN;A 1;2694658;1263745
95;THUN, ALLMENDTUNNEL (AB);BE;SPIEZ               ;BERN                ;A 6;2612489;1177683
96;DOMAT/EMS (AB);GR;REICHENAU           ;CHUR                ;A 13;2753887;1189362
97;BADEN, BAREGGTUNNEL (AB);AG;ZUERICH             ;BERN                ;A 1;2665537;1256526
98;CASTASEGNA;GR;CHIAVENNA           ;ST. MORITZ          ;H 3;2761091;1133481
99;UMF. S-CHANF;GR;ZERNEZ              ;ST. MORITZ          ;H 27;2795547;1165768
100;CIRCONVAL. BELLINZONA (AS);TI;LUGANO              ;VERZW. A2/A13;A 2;2722745;1118818
102;RHEINFELDEN (AB);AG;RHEINFELDEN         ;AUGST               ;A 3;2625879;1266039
104;MURI BE S (AB);BE;THUN;BERN;A 6;2605205;1196628
105;BAAR N (AB);ZG;VERZW. A14/A4;SIHLBRUGG           ;A 14;2683722;1229433
107;WUENNEWIL (AB);FR;FLAMATT             ;DUEDINGEN           ;A 12;2587577;1191668
110;SIMPLON, JOSEFGALERIE S;VS;GONDO               ;BRIG                ;A 9;2646330;1122403
111;FRUTIGEN S, KANDERGRUND;BE;KANDERSTEG          ;FRUTIGEN            ;H 223;2617484;1154627
112;PONT DE THIELLE;NE;INS                 ;NEUCHATEL           ;H 10;2569036;1207857
114;BRUETTISELLEN N (AB);ZH;WINTERTHUR          ;ZUERICH             ;A 1;2690865;1253177
115;LUZERN, REUSSPORTTUNNEL (AB);LU;LUZERN              ;EMMENBRUECKE        ;A 2;2664550;1212506
116;GRANDVAUX N (AR);VD;VEVEY               ;LAUSANNE-VENNES     ;A 9;2544482;1150272
117;HUENENBERG S (AB);ZG;HOLZHAEUSERN / LUZERN;CHAM                ;A 4;2675299;1225207
118;BERN, FELSENAUVIADUKT (AB);BE;WANKDORF            ;WEYERMANNSHAUS;A 1;2601675;1201975
119;ERLENBACH I.S.;BE;ZWEISIMMEN          ;SPIEZ               ;H 11;2609138;1167779
120;SISIKON S;UR;ALTDORF             ;BRUNNEN             ;A 4;2689987;1200021
121;COLOMBIER, AREUSE (AR);NE;NEUCHATEL;YVERDON;A 5;2556534;1201494
122;FRAUENFELD W, KEFIKON (AB);TG;FRAUENFELD;WINTERTHUR;A 7;2705424;1268002
123;SCHAFFHAUSEN N (AB);SH;SCHAFFHAUSEN        ;DEUTSCHLAND         ;A 4;2690868;1285503
124;MURI AG N;AG;LENZBURG            ;SINS                ;H 25;2667483;1237355
125;WUERENLINGEN;AG;BRUGG;KOBLENZ;H 5;2660720;1265440
126;LUZERN, SONNENBERGTUNNEL (AB);LU;KRIENS              ;EMMEN               ;A 2;2664984;1210167
127;ORBE N (AR);VD;VERZW. A9/A1;VALLORBE            ;A 9;2530076;1177266
129;HAGENBUCH, STEGEN (AB);ZH;ST. GALLEN          ;WINTERTHUR          ;A 1;2706397;1265395
131;TAMINS;GR;ILANZ;REICHENAU;H 19;2749966;1188215
132;PARDISLA, CHLUSTUNNEL;GR;KLOSTERS            ;LANDQUART           ;A 28;2764826;1204671
133;SCHULS W;GR;MARTINA             ;ZERNEZ              ;H 27;2816241;1185872
135;ARBON, A1/ZUBRINGER TG;TG;MEGGENHUS           ;STEINELOO           ;A 23;2748145;1263785
137;MONTE CENERI (AS);TI;LUGANO              ;BELLINZONA          ;A 2;2716537;1111418
138;BRUSIO N;GR;CAMPOCOLOGNO        ;POSCHIAVO           ;H 29;2806513;1127048
139;LUTERBACH (AB);SO;VERZW. A5/A1;SOLOTHURN;A 5;2611970;1228800
140;KALLNACH S;BE;AARBERG             ;KERZERS             ;H 187;2583728;1207103
141;SULGEN E;TG;WEINFELDEN          ;AMRISWIL            ;H 14;2731748;1267622
142;ZOFINGEN (AB);AG;LUZERN              ;VERZW. A1/A2;A 2;2636394;1239272
143;BASEL, GRENZBRUECKE (AB);BS;BASEL               ;DEUTSCHLAND         ;A 2;2612275;1270420
145;AARBURG N;AG;AARBURG             ;OLTEN               ;H 2;2635555;1243288
147;CONT. DE BULLE (AR);FR;FRIBOURG            ;VEVEY               ;A 12;2569468;1164191
149;MEX (AR);VD;YVERDON             ;LAUSANNE            ;A 1;2532454;1158072
150;GOTTHARDTUNNEL (AB);UR;BELLINZONA          ;WASSEN              ;A 2;2688250;1169125
155;GLETSCH N, GRIMSEL;VS;GLETSCH             ;INNERTKIRCHEN       ;H 6;2670583;1157085
156;SEELISBERGTUNNEL (AB);UR;WASSEN              ;LUZERN              ;A 2;2688357;1193763
157;ALVASCHEIN, SOLISTUNNEL;GR;TIEFENCASTEL;THUSIS;H 417;2759635;1172139
159;EMMENBRUECKE, RIFFIG (AB);LU;LUZERN              ;VERZW. A1/A2;A 2;2661281;1216370
160;LA HEUTTE (AR);BE;BIENNE              ;SONCEBOZ            ;A 16;2582664;1226335
162;MUEHLEBERG, SAANEVIAD. (AB);BE;BERN;KERZERS;A 1;2585873;1201170
163;MUENCHENBUCHSEE N (AB);BE;SCHOENBUEHL;LYSS;A 6;2602303;1208581
164;VISP W;VS;BRIG                ;SION                ;H 9;2631765;1127507
165;MARTIGNY N (AR);VS;SION                ;LAUSANNE            ;A 9;2571457;1107542
166;BIASCA S (AS);TI;BELLINZONA          ;AIROLO              ;A 2;2717175;1134511
167;EBIKON, RATHAUSEN (AB);LU;LUZERN              ;VERZW. A4/A14;A 14;2666069;1214356
169;FLUELA, TSCHUGGEN;GR;SUSCH               ;DAVOS               ;H 28;2787886;1186200
170;GIESSBACHTUNNEL (AB);BE;BRIENZ              ;INTERLAKEN          ;A 8;2642790;1175062
171;SATTEL N;SZ;VERZW. SATTEL       ;ROTHENTHURM         ;H 8;2691106;1215398
172;AIGLE, PONT GRANDE EAU;VD;LE SEPEY            ;AIGLE               ;H 11;2564347;1129758
173;LES VERRIERES;NE;NEUCHATEL           ;FRANCE              ;H 10;2525793;1195061
174;COL DES ROCHES;NE;LE LOCLE            ;FRANCE              ;H 20;2545384;1211346
175;CONT. DE FRIBOURG (AR);FR;FLAMATT             ;BULLE               ;A 12;2577126;1185554
178;ANDELFINGEN, WEINLANDBR.;ZH;WINTERTHUR;SCHAFFHAUSEN;A 4;2694197;1272710
179;SAIGNELEGIER W;JU;SAIGNELEGIER        ;LE NOIRMONT         ;H 18;2565920;1233668
180;THAYNGEN;SH;SCHAFFHAUSEN        ;DEUTSCHLAND         ;H 15;2695644;1288580
181;FLURLINGEN S (AB);ZH;WINTERTHUR;SCHAFFHAUSEN;A 4;2689346;1281326
182;KIRCHBERG N (AB);BE;ZUERICH             ;BERN                ;A 1;2610208;1215865
184;BERN, BUEMPLIZ (AB);BE;BERN;FLAMATT;A 12;2596842;1198268
186;ST-GINGOLPH E;VS;VIONNAZ             ;ST-GINGOLPH         ;H 21;2552118;1137785
188;LA CURE;VD;SCHWEIZ;FRANCE              ;H 123;2495109;1146860
189;LE LOCLE E;NE;LA CHAUX-DE-FONDS;LE LOCLE            ;H 20;2549025;1213210
190;NOIRAIGUE, CLUSETTE;NE;NEUCHATEL           ;LES VERRIERES       ;H 10;2545750;1201074
191;GOLDAU S (AB);SZ;BRUNNEN             ;IMMENSEE            ;A 4;2685156;1211071
194;URDORF (AB);ZH;BIRMENSDORF         ;VERZW. A1/A1C;A 3;2673700;1249322
195;ERSTFELD S (AB);UR;GOESCHENEN          ;LUZERN              ;A 2;2693625;1183208
196;ANDERMATT, SCHOELLENEN;UR;ANDERMATT;GOESCHENEN;A 2;2688307;1166289
197;DALLENWIL;NW;ENGELBERG           ;STANS               ;H 374;2672648;1198348
198;GOLDACH S (AB);SG;ST. MARGRETHEN;ST. GALLEN;A 1;2753927;1259247
199;MENDRISIO S (AS);TI;CHIASSO             ;MELIDE              ;A 2;2719007;1080145
200;GENEVE, BARDONNEX (AR);GE;GENEVE              ;FRANCE              ;A 1A;2496316;1112004
201;SION E  (AR);VS;SIERRE              ;MARTIGNY            ;A 9;2596546;1121026
203;ROVEREDO (AS);GR;CASTIONE            ;SAN BERNARDINO      ;A 13;2729214;1121305
204;LAVORGO S (AS);TI;BELLINZONA          ;AIROLO              ;A 2;2708841;1142821
205;EMMENBRUECKE, GRUEBLISCH. (AB);LU;VERZW. A2/A14;SEMPACH;A 2;2664999;1214105
206;YVERDON, EPENDES (AR);VD;YVERDON             ;ORBE                ;A 1;2536717;1177902
207;HEIMBERG (AB);BE;THUN                ;BERN                ;A 6;2612285;1181855
208;BIRRHARD, VERZW. A1  (AB);AG;ZUERICH;BERN;A 1;2661074;1255458
209;MARTIGNY, LE BROCARD;VS;GD. ST-BERNARD;MARTIGNY;H 21;2570178;1103099
210;AUGST S, VERZW. A2/A3 (AB);BL;SISSACH;VERZW. A2/A3;A 2;2622500;1264250
211;LEISSIGEN (TUNNEL) (AS);BE;INTERLAKEN;SPIEZ;A 8;2625750;1166750
212;VUE-DES-ALPES (TUNNEL);NE;NEUCHATEL;LA CHAUX-DE-FONDS;H 20;2558000;1212670
213;WIESENDANGEN, VERZW. A1/A7 (AB);ZH;VERZW. A1/A7;ZUERICH;A 1;2701363;1265438
214;BERN, BRUENNENTUNNEL (AB);BE;WEYERMANNSHAUS;KERZERS;A 1;2595858;1200045
215;MUELLHEIM (AB);TG;KREUZLINGEN;VERZW. A7/T14;A 7;2717930;1272680
216;WANGEN SZ (AB);SZ;WEESEN;LACHEN;A 3;2710351;1227960
217;MUENCHWILEN E (AB);TG;WIL;VERZW. A1/A7;A 1;2718189;1259032
218;CRESSIER (AR);NE;BIENNE;NEUCHATEL;A 5;2569000;1210107
219;SCHINZNACH DORF (AB);AG;VERZW. A3/A1;FRICK;A 3;2653168;1256386
220;MUELLIGEN, VERZW. A3/A1 (AB);AG;VERZW. A3/A1;FRICK;A 3;2660845;1255463
221;ZUERICH BRUNAU (AB);ZH;SARGANS;ZUERICH;A 3;2681898;1244785
222;PAYERNE N (AR);FR;AVENCHES;YVERDON;A 1;2560936;1187797
224;GENEVE, PLAN-LES-OUAT. (AR);GE;LAUSANNE/FRANCE;GENEVE VILLE;A 1A;2497728;1113077
225;EGERKINGEN, VERZWEIGUNG A2 (AB);SO;HAERKINGEN;AUGST;A 2;2627780;1240628
226;CRISSIER (AR);VD;YVERDON/VEVEY;LAUSANNE/GENEVE;A 1;2532793;1156737
227;OFENPASS, BUFFALORA;GR;STA. MARIA;ZERNEZ;H 28;2816473;1170261
228;ZIZERS (AB);GR;CHUR;SARGANS;A 13;2761707;1199507
229;OFTRINGEN E (AB);AG;ZUERICH;BERN;A 1;2638580;1240874
230;HASLE-RUEGSAU W;BE;RAMSEI;BURGDORF;H 23;2615549;1207616
232;SAXON W (AR);VS;SION;MARTIGNY;A 9;2578312;1111120
233;ST-URSANNE, TUN. TERRI (AR);JU;DELEMONT;PORRENTRUY;A 16;2579500;1247500
234;YVERDON, TUN. DE POMY (AR);VD;PAYERNE;YVERDON;A 1;2542580;1179197
235;PIETERLEN W (AB);BE;SOLOTHURN;BIEL;A 5;2589206;1223392
237;GRENCHEN (AB);SO;SOLOTHURN;BIEL;A 5;2598970;1225052
238;ROTHENBRUNNEN S (AB);GR;THUSIS;REICHENAU;A 13;2751702;1180575
239;REIDEN S (AB);LU;LUZERN;VERZW. A1/A2;A 2;2639545;1232105
240;UMF. ZUERICH N, SEEBACH (AB);ZH;VERZW. A20/A51;ZUERICH-AFFOLTERN;A 1C;2685268;1253214
241;OPFIKON (AB);ZH;VERZW. A11/A20;KLOTEN;A 11;2685522;1253812
242;HEGNAU W (AB);ZH;WETZIKON;BRUETTISELLEN;A 15;2692509;1250281
243;ST. GALLEN E, BERGBACHVIADUKT (AB);SG;GOLDACH;GOSSAU;A 1;2749309;1256700
244;REINACH BL (AB);BL;DELEMONT;BASEL;A 18;2612357;1260847
245;SARGANS A3 (AB);SG;VERZW. A3/A13;WEESEN;A 3;2752080;1211900
246;KREUZLINGEN, GIRSBAERGTUNNEL N (AB);TG;DEUTSCHLAND;FRAUENFELD;A 7;2728994;1279411
247;ONNENS VD (AR);VD;NEUCHATEL;YVERDON;A 5;2542650;1188430
248;RHEINFELDEN, AUTOBAHNZUBRINGER A3;AG;AUTOBAHN A3;KANTONSSTR. K292;A 3;2624193;1265739
249;COPPET W (AR);VD;LAUSANNE;GENEVE;A 1;2500440;1130360
250;AIGLE E (AR);VD;SION;LAUSANNE;A 9;2562090;1129100
251;ERSTFELD N (AB);UR;GOESCHENEN;LUZERN;A 2;2691180;1190220
252;VERZWEIGUNG ALTDORFA2/A4 (AB);UR;GOTTHARD;LUZERN / FLUELEN;A 2;2689958;1193854
253;GAMSEN (TUNNEL) (AB);VS;BRIG;SION;A 9;2640053;1128099
255;ZWEILUETSCHINEN N;BE;ZWEILUETSCHINEN;INTERLAKEN;H 221;2635248;1164591
257;BASEL, ANSCHLUSS WIESE, KLEINHAENINGEN (AB);BS;BASEL;DEUTSCHLAND;A 2;2612038;1269634
258;JULIER, LA VEDUTA;GR;ST. MORITZ;CHUR;H 3;2774970;1149050
260;FURKAPASS, TIEFENBACH;UR;REALP;GLETSCH;H 19;2678328;1160723
261;OBERALPPASS W;UR;ANDERMATT;SEDRUN;H 19;2689975;1166316
262;SUSTENPASS, MEIEN;UR;WASSEN;INNERTKIRCHEN;H 11;2686845;1174746
263;NUFENENPASS;VS;AIROLO;ULRICHEN;H 413;2672782;1147843
264;KLAUSENPASS W;UR;GLARUS;ALTDORF;H 17;2702338;1191993
265;MOLENO N (AS);TI;BELLINZONA;BIASCA;A 2;2719805;1127050
268;ST. MAURICE (AR);VS;SION;LAUSANNE;A 9;2566705;1118837
269;SIERRE W (AB);VS;BRIG;SION;A 9;2606080;1125496
270;ZUERICH - OERLIKON (AB) ZH 1301;ZH;WINTERTHUR;ZUERICH CITY;A 1L;2685589;1251824
271;MURI BE N (AB);BE;THUN;BERN;A 6;2603988;1198400
272;GENEVE, PONT DU RHONE (AR);GE;LAUSANNE;GENEVE VILLE / FRANCE;A 1;2494970;1116830
273;BASEL, ANSCHLUSS WIESE, A2 (AB);BS;BASEL;DEUTSCHLAND;A 2;2612330;1269156
274;WUERENLOS (AB) - AG1401;AG;ZUERICH;BERN;A 1;2668172;1255204
275;FRAUENFELD OST  (AB);TG;KREUZLINGEN;FRAUENFELD;A 7;2712014;1271071
277;BASEL, GELLERT NORD (AB);BS;BASEL SBB / AUGST;BASEL BREITE;A 2;2613208;1266229
278;BASEL, GELLERT SUED (AB);BS;AUGST;BASEL SBB;A 2 / A 3;2613319;1266029
279;ENNEY N, SAUSSIVUE;FR;CHATEAU D'OEX;BULLE;H 190;2573331;1158876
280;SCHAFISHEIM (AB) -  AG1410;AG;ZUERICH;BERN;A 1;2653060;1249157
281;OHRINGEN ANSCHLUSS 1 (AB);ZH;ST. GALLEN          ;ZUERICH;A 1;2696110;1264377
282;ST. JOSEFEN, SITTERVIADUKT (AB);SG;ST. MARGRETHEN;WINTERTHUR;A 1;2742985;1253860
283;BASEL - ST. JOHANN, TUNNEL E (AB);BS;BASEL;FRANKREICH;A 3;2610303;1268982
284;WINTERTHUR, KEMPTTHAL (AB);ZH;WINTERTHUR;ZUERICH;A 1;2695800;1257561
285;BERN, FORSTHAUS (AB);BE;WANKDORF;VERWZ. A1/A12;A 1;2598458;1200554
286;WALLISELLEN (AB);ZH;WINTERTHUR;ZUERICH;A 1;2688925;1251724
287;WEININGEN, GUBRIST (AB);ZH;GLATTBRUGG;VERZW. A1C/A1;A 1C;2678806;1253105
288;NIEDERBIPP (AB);BE;ZUERICH;BERN;A 1;2620968;1235702
289;CAMIGNOLO (AS);TI;LUGANO;BELLINZONA;A 2;2715350;1106550
290;OFTRINGEN / ROTHRIST (AB) - AG1412;AG;ZUERICH;BERN;A 1;2635150;1239950
291;RENENS (AR);VD;YVERDON/VEVEY;LAUSANNE/GENEVE;A 1;2533308;1155358
292;MADISWIL N;BE;HUTTWIL;LANGENTHAL;H 244;2627094;1224255
293;QUINTO (AS);TI;BELLINZONA;AIROLO;A 2;2697164;1151886
294;KUETTIGEN N;AG;AARAU;FRICK;H 24;2646500;1252750
295;OESCHGEN (AB);AG;BIRRFELD;AUGST;A 3;2643246;1263277
296;HORW, SCHLUNDTUNNEL (AB);LU;STANS;LUZERN;A 2;2665192;1207934
297;BIRSFELDEN ZUBRINGER A2 - BL1101;BL;AUTOBAHN A2;BIRSFELDEN;A 2;2614495;1265822
298;OTHMARSINGEN (AB);AG;ZUERICH;BERN;A 1;2658022;1250326
299;WOLLERAU, BLATTTUNNEL (AB);SZ;SARGANS;ZUERICH;A 3;2695600;1228200
300;ETOY (AR);VD;LAUSANNE;GENEVE;A 1;2521103;1147823
301;BIRMENSDORF N (AB) - ZH1103;ZH;VERZW. ZUERICH WEST;URDORF;A 4;2674350;1246800
302;ARBON, A1/ZUBRINGER SG;SG;MEGGENHUS;ARBON;A 23;2750964;1261200
303;THURAU (AB);SG;ST.GALLEN;WINTERTHUR;A 1;2723354;1257566
304;EICH (AB);LU;SEMPACH;SURSEE;A 2;2655756;1222211
305;BRUEGG;BE;LYSS;BIEL/BIENNE;A 6;2587730;1218820
306;ViILLAR-SUR-GLÂNE (AR);FR;BERN;VEVEY;A 12;2574550;1182500
307;OBERFAHR (AB);SG;SARGANS;ST. MARGRETHEN;A 13;2766667;1254065
308;LACHEN (AB);SZ;CHUR;ZUERICH;A 3;2705496;1227546
309;SPIEZ (AB);BE;INTERLAKEN;THUN;A 6;2616972;1170937
310;SENNWALD (AB);SG;SARGANS;ST. MARGRETHEN;A 13;2758081;1236583
311;STEINHAUSEN W (AB);ZG;VERZW. A14/A4;SIHLBRUGG;A 14;2677700;1228000
312;MUELLIGEN OST (AB) - AG1422;AG;VERZW. A3/A1;FRICK;A 3;2660280;1255650
313;ARDON (AR);VS;BRIG;VEVEY;A 9;2587142;1117365
314;REICHENBURG (AB);SG;SARGANS;ZUERICH;A 3;2717590;1226745
315;ZUCHWIL (AB);SO;LUTERBACH;BIEL/BIENNE;A 5;2609555;1227665
317;BENKEN ANSCHLUSS (AB);ZH;ZUERICH;Schaffhausen;A 4;2691086;1277961
318;MELS N (AB);SG;SARGANS;ZUERICH;A 3;2751449;1212623
319;BUONAS (AB);ZG;KUESSNACHT;ROTKREUZ;A 4;2676425;1221615
320;CHUR NORD (AB);GR;CHUR;SARGANS;A 13;2759890;1194725
321;BASEL, ANSCHLUSS WIESE, A3 (AB);BS;BASEL;FRANKREICH;A 3;2612045;1269137
322;ZILLIS (AS);GR;SAN BERNARDINO;CHUR;A 13;2754100;1168911
323;MURTEN (AB);FR;KERZERS;PAYERNE;A 1;2573400;1194750
324;CHATEL-ST-DENIS N (AR);FR;FRIBOURG;VEVEY;A 12;2559863;1155373
325;DUEDINGEN S (AB);FR;FLAMATT;FRIBOURG;A 12;2579997;1188731
326;FLAMATT E (AB);FR;BERN;FRIBOURG;A 12;2592552;1193133
328;ESTAVAYER-LE-LAC E (AR);FR;MURTEN;YVERDON;A 1;2556712;1186861
329;MURTEN, LOEWENBERG (AB);FR;KERZERS;PAYERNE;A 1;2578263;1199108
330;WOLLERAU ANSCHLUSS (AB);SZ;CHUR;ZUERICH;A 3;2697244;1227653
331;CHATEL ST. DENIS (AR);VD;FRIBOURG;VEVEY;A 12;2558405;1150217
332;WOLLISHOFEN (AB) RI ZUERICH - ZH1214;ZH;NOT USED;ZUERICH;A 3;2682550;1242400
333;BAVOIS (AR);VD;YVERDON;LAUSANNE;A 1;2533658;1168571
334;OHRINGEN ANSCHLUSS 2 (AB);ZH;;ZUERICH;A 1;2696441;1264423
335;WIGGERTAL (AB) - AG1411;AG;ZUERICH;BERN;A 1;2636697;1239475
336;WALTERSWIL (AB) - AG1413;AG;ZUERICH;Bern;A 1;2639808;1241336
337;BIRRHARD (AB) - AG1406;AG;ZUERICH;BERN;A 1;2660089;1253154
338;BADEN-WEST (AB) - AG1442;AG;ZUERICH;Bern;A 1;2661894;1255843
339;BADEN-WEST (AB) - AG1573;AG;ZUERICH;Bern;A 1;2663154;1256636
340;BADEN-WEST (AB) - AG1441;AG;ZUERICH;Bern;A 1;2663838;1256712
341;NEUENHOF (AB) - AG1402;AG;ZUERICH;BERN;A 1;2666907;1256343
342;DIETIKON (AB) - AG1400;AG;ZUERICH;Bern;A 1;2671744;1252892
343;WETTINGEN OST ANSCHLUSS - AG1562;AG;KNOTEN FURTTAL;A1;A 1;2668182;1255819
344;RHEINFELDEN (AB) - AG1423;AG;Verzw. A3/A1;Basel;A 3;2622383;1264653
345;RHEINFELDEN (AB) - AG1424;AG;BASEL;VERZW A3/A1;A 3;2623296;1265187
346;RHEINFELDEN (AB) - AG1425;AG;VERZW. A3/A1;BASEL;A 3;2623777;1265463
347;RHEINFELDEN (AB) - AG1426;AG;Verzw. A3/A1;Basel;A 3;2624507;1265726
348;RHEINFELDEN (AB) - AG1427;AG;ZUERICH;BASEL;A 3;2627276;1266133
349;RHEINFELDEN (AB) - AG1420;AG;VERZW. A3/A1;AUGST;A 3;2629115;1266257
353;WORB W;BE;GROSSHOECHSTETTEN;GUEMLIGEN;H 10;2608363;1197267
354;SAANENMOESER;BE;SAANEN;ZWEISIMMEN;H 11;2590177;1151965
357;SCHWARZENBURG E;BE;RIGGISBERG;SCHWARZENBURG;H 183;2594407;1185408
359;LA CIBOURG;BE;LA CHAUX-DE-FONDS;SONCEBOZ;H 18;2558098;1219318
361;KIRCHBERG S;BE;KIRCHBERG;BURGDORF;H 23;2611240;1213800
363;AARWANGEN, SCHUERHOF;BE;LANGENTHAL;NIEDERBIPP;H 244;2624175;1232976
364;SUMISWALD, GAMMENTHAL;BE;HUTTWIL;RAMSEI;H 23;2622816;1209670
365;CORGEMONT W;BE;LA CHAUX-DE-FONDS;SONCEBOZ;H 30;2576615;1226803
366;NEUENHOF ANSCHLUSS - AG1571;AG;Zürich (Ein-/Ausfahrten);Bern  (Ein-/Ausfahrten);A 1;2666181;1256266
367;BADEN WEST ANSCHL. - AG1572;AG;ZUERICH;Bern;A 1;2663525;1256661
368;BERN, ZUBRINGER NEUFELD (TUNNEL);BE;BERN, TIEFENAUSTRASSE;VERZWEIGUNG NEUFELD;A 1;2599588;1201380
370;CHEXBRES E (AR);VD;VEVEY;LAUSANNE;A 9;2552008;1147300
373;KLOSTERS, MEZZASELVA - GR241;GR;DAVOS;LANDQUART;A 28;2783313;1196397
374;WOLLISHOFEN (AB) RI SARGANS - ZH1215;ZH;SARGANS;NOT USED;A 3;2682350;1242800
376;TRUELLIKON ANSCHLUSS S (AB);ZH;ZUERICH;Schaffhausen;A 4;2693681;1274779
377;TRUELLIKON ANSCHLUSS N (AB);ZH;ZUERICH;Schaffhausen;A 4;2693575;1274976
378;UHWIESEN ANSCHLUSS (AB);ZH;ZUERICH;Schaffhausen;A 4;2688953;1280981
379;KLEINANDELFINGEN ANSCHLUSS 1 (AB);ZH;WINTERTHUR;SCHAFFHAUSEN;A 4;2694247;1272995
380;KLEINANDELFINGEN ANSCHLUSS 2 (AB);ZH;WINTERTHUR;SCHAFFHAUSEN;A 4;2694022;1273343
381;BIRRHARD E (AB);AG;ZUERICH;BERN/BASEL;A 1;2661500;1255710
382;BIRRHARD W (AB);AG;ZÜRICH/BASEL;BERN;A 1;2660670;1254900
383;ZUERICH BRUNAU (AB) 1;ZH;SARGANS;ZUERICH;A 3;2681898;1244785
384;ZUERICH BRUNAU (AB) 2;ZH;SARGANS;ZUERICH;A 3;2682080;1245040
385;ALTDORF - UR6003;UR;ALTDORF;FLUEELEN;H 2;2691213;1193404
391;MOUDON S;VD;BERN;LAUSANNE;H 1;2550235;1166922
392;PLAUN DA  LEJ;GR;CHIAVENNA;ST. MORITZ;H 3B;2775858;1143341
393;SACHSELN, ZOLLHAUS;OW;BRUENIG;LUZERN;A 8;2658181;1188423
394;GLARUS N;GL;NAEFELS;GLARUS;H 17;2723262;1212075
395;GSTAAD S;BE;GSTAAD;AIGLE;H 142;2587955;1145423
396;REICHENBACH S;BE;FRUTIGEN;SPIEZ;H 223;2619006;1163299
397;CHARMEY;FR;JAUN;BULLE;H 189;2577012;1162957
398;ROUGEMONT W;VD;CHATEAU D'OEX;SAANEN;H 11;2582090;1148520
399;ROSE;FR;FRIBOURG;PAYERNE;H 181;2571360;1181383
501;SUGIEZ, LE PEAGE N;FR;MURTEN / BERN;INS;H 10;2575976;1202020
502;OBERURNEN, ZUBRINGER GLARNERLAND (AB);GL;A3 CHUR / RAPPERSWIL;NIEDERURNEN;A 17;2723700;1220877
503;MAGADINO;TI;DIRINELLA;QUARTINO;H 405;2710960;1111907
504;NYON, CRASSIER (AR);VD;LAUSANNE;GENEVE;A 1;2505029;1137991
505;GLAND, DUILLIER (AR);VD;LAUSANNE;GENF;A 1;2507348;1141026
506;SOLDUNO N;TI;LOCARNO;PONTE BROLLA;H 407;2702927;1114195
507;CIRCONVALLAZIONE DI LUGANO (AB);TI;GRANCIA;BELLINZONA;A 2;2715664;1093978
508;MENDRISIO N (AS);TI;CHIASSO;AIROLO;A 2;2719362;1083544
509;ROLLE N (AR);VD;LAUSANNE;GENF;A 1;2515915;1146927
510;QUARTINO;TI;MAGADINO-LOCARNO;CADENAZZO;H 13;2712517;1112356
511;MORGES CENTRE (AR);VD;LAUSANNE;GENF;A 1;2528114;1152062
512;DERENDINGEN (AB);SO;ZUERICH;BERN;A 1;2612246;1227531
513;WANGEN A. A. (AB);BE;ZUERICH;BERN;A 1;2618779;1233992
515;ANSCHLUSS OBERWINTERTHUR 2 (AB);ZH;ST.GALLEN;ZUERICH;A 1;2700776;1265328
516;ANSCHLUSS OBERWINTERTHUR 1 (AB);ZH;ST.GALLEN;ZUERICH;A 1;2700453;1265260
517;GOSSAU, OBERBERG (AB);SG;ST. GALLEN;GOSSAU;A 1;2738774;1253210
518;ZUERICH HARDTURM (AB);ZH;ZUERICH;LIMMATTALER KREUZ;A 1H;2679691;1249725
519;PRATTELN (AB);BL;AUGST;BASEL;A 2;2619293;1264249
520;AUGST (AB);BL;VERZW. A3/A2;BASEL;A 2;2621155;1264119
521;CAVIANO DOGANA DIRINELLA;TI;ITALIA;SVIZZERA;H 405;2702466;1107074
522;BELCHEN S (AB);SO;HAERKINGEN;AUGST;A 2;2629848;1243394
523;MUENSINGEN (AB);BE;THUN;BERN;A 6;2608267;1190999
524;OLIVONE - LUCOMAGNO;TI;BIASCA;DISENTIS;H 416;2713946;1153965
525;TENERO;TI;MINUSIO;BELLINZONA;A 13;2708496;1115043
526;INTRAGNA-CENTOVALLI;TI;LOCARNO;DOMODOSSOLA;H 560;2697486;1114768
527;GONDO - VS40001;VS;ITALIEN;SCHWEIZ;A 9;2654360;1116335
528;GURTNELLEN (AB);UR;GOESCHENEN;ERSTFELD;A 2;2690839;1176114
529;WASSEN (AB);UR;GOESCHENEN;ERSTFELD;A 2;2688451;1171638
530;VERZWEIGUNG ALTDORF (AB);UR;VERZW. A2;FLUEELEN;A 4;2689997;1194299
533;HENGGART (AB) - ZH0497;ZH;WINTERTHUR;SCHAFFHAUSEN;A 4;2694152;1268082
534;LAUSANNE BLECHERETTE (AR);VD;VEVEY;VERZW. A1/A9;A 9;2533888;1157277
535;LAUSANNE BELMONT (AR);VD;VEVEY;GENEVE;A 9;2541234;1154049
536;LAUSANNE LA CROIX (AR);VD;VEVEY;GENF;A 9;2543208;1151819
537;VEVEY (AR);VD;MONTREUX;LAUSANNE / BERN;A 9;2555810;1147195
538;MONTREUX (AR);VD;MARTIGNY;LAUSANNE;A 9;2557346;1145275
539;HINTERRHEIN (AB) TUNNEL CASSANAWALD;GR;SAN BERNARDINO;CHUR;A 13;2737577;1155723
540;WELSCHENROHR W;SO;HERBETSWIL;GAENSBRUNNEN;H 30;2606033;1236118
541;GISIKON (AB);ZG;LUZERN;VERZW. A4/A14;A 14;2675010;1222539
542;SPREITENBACH W (AB) - AG1446;AG;ZUERICH;BERN;A 1;2668970;1254246
543;SPREITENBACH AUSFAHRT (AB) - AG1445;AG;ZUERICH;;A 1;2669732;1253733
544;SPREITENBACH EINFAHRT (AB) - AG1444;AG;;BERN;A 1;2670573;1253346
546;SPREITENBACH O (AB);AG;ZUERICH;BERN;A 1;2670917;1253148
547;ASCONA GALLERIA;TI;BRISSAGO;ASCONA/LOCARNO;A 13;2703099;1113138
548;DEVELIER (AR);JU;DELEMONT;PORRENTRUY;A 16;2588220;1243910
549;BARGEN N, ZOLL (AB);SH;SCHAFFHAUSEN;DEUTSCHLAND;A 4;2687254;1294295
560;ANSCHLUSS URDORF S 2 - ZH1101;ZH;;VERZW A1/A1C;A 4;2674134;1247377
561;ANSCHLUSS URDORF S 1 - ZH1102;ZH;VERZW ZUERICH WEST;;A 4;2674103;1247323
562;BIRMENSDORF, HAFNERBERGTUNNEL (AB) - ZH1104;ZH;VERZW. ZUERICH WEST;URDORF;A 4;2674272;1245391
563;ANSCHLUSS BIRMENSDORF 1 EIN-AUSFAHRT (AB) -ZH1105;ZH;VERZW. ZUERICH WEST;VERZW. A1/A3;A 4;2674567;1244616
564;ANSCHLUSS BIRMENSDORF 2 EIN-AUSFAHRT (AB) - ZH1106;ZH;;URDORF;A 4;2674831;1244577
565;AESCHERTUNNEL (AB) - ZH1201;ZH;VERZW. ZUERICH WEST;BIRMENSDORF;A 3;2676100;1243800
566;DREIECK ZUERICH-WEST 1 (AB) - ZH1202;ZH;BASEL;LUZERN/CHUR;A 4;2676869;1243967
567;DREIECK ZUERICH-WEST 2 (AB) - ZH1203;ZH;ZUERICH / CHUR;LUZERN / BASEL;A 4;2677095;1243926
568;DREIECK ZUERICH WEST 3 (AB) - ZH1204;ZH;;KNONAU;A 4;2677060;1243516
569;DREIECK ZUERICH-WEST 4 (AB) - ZH1205;ZH;VERZW. ZUERICH-SUED;;A 4;2677266;1243235
570;URDORF N (AB) - ZH1302;ZH;BIRMENSDORF;VERZW A1/A1C;A 3;2673822;1249626
571;ISLISBERG, ISLISBERGTUNNEL N (AB) - ZH2101;ZH;LUZERN;VERZW ZUERICH WEST;A 4;2677111;1243038
572;ISLISBERGTUNNEL MITTE (AB) - ZH2102;ZH;LUZERN / SCHWYZ;VERZW ZUERICH WEST;A 4;2676060;1241390
573;ISLISBERG, ISLISBERGTUNNEL S (AB) - ZH2103;ZH;LUZERN;VERZW. ZUERICH WEST;A 4;2674910;1239004
574;ANSCHLUSS AFFOLTERN A.A 2 (AB) - ZH2104;ZH;LUZERN;VERZW. ZUERICH WEST;A 4;2675580;1236266
575;ANSCHLUSS AFFOLTERN  A.A1(AB) - ZH2105;ZH;KNONAU;NOT USED;A 4;2675567;1236263
576;UETLIBERG, UETLIBERGTUNNEL W (AB) - ZH1206;ZH;VERZW. ZUERICH SUED;VERZW. ZUERICH WEST;A 3;2677313;1244383
577;UETLIBERGTUNNEL MITTE (AB) - ZH1207;ZH;VERZW. ZUERICH SUED;VERZW. ZUERICH WEST;A 3;2678070;1244960
578;UETLIBERGTUNNEL E (AB) - ZH1208;ZH;VERZW. ZUERICH-SUED;VERZW. ZUERICH WEST;A 3;2681170;1244260
579;DREIECK ZUERICH-SUED S (AB) - ZH1209;ZH;SARGANS;ZUERICH/BASEL;A 3;2681883;1243906
580;DREIECK ZUERICH-SUED N (AB) - ZH1210;ZH;SARGANS/BASEL;ZUERICH;A 3;2681669;1244432
581;WOLLISHOFEN, ENTLISBERG (AB ) - ZH1213;ZH;SARGANS;ZUERICH;A 3;2682050;1243250
582;ANDERMATT, OBERALPSTRASSE - UR9004;UR;ANDERMATT;GOESCHENEN;H 19;2688598;1165580
584;HOSPENTAL, FURKASTRASSE - UR9301;UR;ANDERMATT;REALP;H 19;2686310;1163584
586;URDORF N 2 (AB) - ZH1303;ZH;BIRMENSDORF;VERZ A1/A3;A 3;2673828;1249648
587;KREUZLINGEN, HAUPTZOLLAMT;TG;DEUTSCHLAND;FRAUENFELD / KREUZLINGEN;A 7;2729259;1279825
588;SCHMERIKON (AB);SG;REICHENBURG;RAPPERSWIL;A 15;2715427;1230851
589;ANSCHLUSS BIRMENSDORF 1 (AB) - ZH1107;ZH;VERZW. ZUERICH WEST;;A 3;2674640;1244645
590;ANSCHLUSS BIRMENSDORF 2 (AB) - ZH1108;ZH;;URDORF;A 3;2674787;1244504
591;ALTDORF, SCHMIEDGASSE - UR6018;UR;SCHATTDORF;FLUEELEN;H 2;2691839;1192901
593;UFFIKON (AB);LU;LUZERN;OFTRINGEN;A 2;2643646;1228773
598;MEGGENHUS, VERZWEIGUNG (AB);SG;VERZWEIGUNG A1;STEINELOO;A 23;2751063;1259716
599;BURIET, RUDERBACH (AB);SG;ST.MARGRETHEN;WINTERTHUR;A1;2761971;1260266
600;AU, LEHNENVIADUKT (AB);SG;SARGANS;ST. MARGRETHEN;A 13;2766232;1256168
601;ST. GALLEN, SCHORENTUNNEL (AB);SG;ST. GALLEN;A1 ZUERICH / ST.MARGRETHEN;A 1;2745052;1254769
602;ST. GALLEN, HARZBUECHEL (AB);SG;ST. MARGRETHEN;WINTERTHUR;A 1;2747648;1255686
603;WALENSTADT, TSCHERLACH (AB);SG;SARGANS;ZUERICH;A 3;2743891;1219910
604;SEVELEN, RASTPLATZ  (AB);SG;SARGANS;ST.MARGRETHEN;A 13;2756188;1224055
605;ST.GALLEN, ANSCHL. BREITFELD;SG;KANTONSSTR. GOSSAU ST.GALLEN;A1 ST.MARGRETHEN / WINTERTHUR;A1;2741086;1252507
607;THALWIL ( AB) - ZH104;ZH;CHUR;ZUERICH;A 3;2684582;1237738
608;COL DES MOSSES;VD;CHATEAU D'OEX;AIGLE;H 11;2572414;1136237
609;HENDSCHIKEN;AG;LENZBURG;SINS;H 25;2658871;1247889
610;CHUR, OBERE AU (AB) - GR253;GR;BELLINZONA;SARGANS;A 13;2757740;1191628
611;ROTHENBRUNNEN, TUNNEL ISLA BELLA (AB) - GR305;GR;BELLINZONA;CHUR;A 13;2750946;1183267
612;BRUGG W, UNTERFUEHRUNG - AG1533;AG;BRUGG;AARAU;H 5;2656800;1258060
613;ANSCHLUSS BUOCHS RI LUZERN (AB);NW;ALTDORF;LUZERN;A 2;2676284;1202852
614;ANSCHLUSS BUOCHS RI ALTDORF (AB);NW;ALTDORF;LUZERN;A 2;2676268;1202800
615;ANSCHLUSS STANS NORD RI ALTDORF (AB);NW;ALTDORF;LUZERN;A 2;2669623;1202161
616;ANSCHLUSS STANS NORD RI LUZERN (AB);NW;ALTDORF;LUZERN;A 2;2669839;1202171
617;CONT.BULLE;FR;GRUYÈRES; A1 ANSCHLUSS BULLE;H 189;2569843;1164327
618;BLEGI N (AB);ZG;VERZW. BLEGI / ZUG;ZUERICH;A 4;2677564;1228313
619;BLEGI S (AB);ZG;VERZW. A4/A14;AFFOLTERN A.A / Zug;A 4;2677390;1228126
625;STEINHAUSEN E (AB);ZG;VERZW. A14/A4;SIHLBRUGG;A 14;2680322;1227072
627;FONTANA, VALLE BEDRETTO - TI0917;TI;AIROLO;NUFENENPASS;H 413;2686145;1152530
628;MARTIGNY-CROIX W, FORCLAZ - VS00134021;VS;MARTIGNY;FORCLAZ;H 203;2570290;1104430
630;CALFREISEN - GR211;GR;AROSA;CHUR;H 566;2763963;1189828
631;MALIX N  - GR213;GR;TIEFENCASTEL;CHUR;H 3A;2760310;1188050
632;DAVOS N, LARET - GR0237;GR;DAVOS;LANDQUART;H 28;2784990;1190573
633;WIESEN E - GR0239;GR;DAVOS;TIEFENCASTEL;H 417;2774827;1174870
634;BERNINA, BARACON - GR0248;GR;TIRANO;SAMEDAN;H 29;2799790;1143625
635;TAVETSCH, CRESTAS-TUNNEL -  GR0306;GR;ANDERMATT;REICHENAU;H 19;2705040;1170960
636;ZERNEZ N, PRASCHITSCH - GR336;GR;MARTINA;SILVAPLANA;H 27;2802340;1176750
639;WINTERTHUR TOESS (AB) - ZH105;ZH;ST.GALLEN;ZUERICH;A 1;2694578;1261584
640;ANSCHLUSS ATTIKON (AB));ZH;ST.GALLEN;ZUERICH;A 1;2703556;1265303
641;ATTIKON (AB);ZH;ST.GALLEN;ZUERICH;A 1;2702848;1265458
643;SACHSELN, ZOLLHAUS N;OW;BRUENIG;LUZERN;A 8;2658531;1188678
647;ANSCHLUSS MATRAN S;FR;BERN;VEVEY;A 12;2573369;1181109
648;ANSCHLUSS MATRAN N;FR;BERN;VEVEY;A 12;2573414;1181438
649;SORENS (AR);FR;BERN;VEVEY;A 12;2572198;1168783
656;SPIRINGEN - UR6301;UR;GLARUS;ALTDORF;H 17;2696772;1192579
657;BUERGLEN - UR6303;UR;SCHATTDORF;ALTDORF;H 2;2692453;1191799
658;CONTHEY (AR);VS;SION;MARTIGNY;A 9;2592314;1118637
668;MONTHEY - VS164002;VS;TROISTORRENTS;MONTHEY;H 201;2561300;1121840
671;VAUMARCUS (AR);NE;NEUCHATEL;YVERDON;A 5;2548250;1192238
672;GORGIER (AR);NE;NEUCHATEL;YVERDON;A 5;2551245;1195850
673;BEVAIX (AR);NE;NEUCHATEL;YVERDON;A 5;2552840;1197720
674;BOUDRY (AR);NE;NEUCHATEL;YVERDON;A 5;2554187;1199737
675;NEUCHATEL-OUEST TUNNEL (AR);NE;BIENNE;YVERDON;A 5;2559685;1203680
676;HAUTERIVE (AR);NE;BIENNE;YVERDON;A 5;2563876;1206061
677;VALANGIN;NE;NEUCHATEL;LA CHAUX-DE-FONDS;A 20;2559096;1206513
678;ANSCHL. EMMEN NORD;LU;LUZERN;VERZW. A1/A2;A 2;2663276;1215124
679;ROTHENBURG (AB);LU;LUZERN;VERZW. A1/A2;A 2;2662020;1215357
683;LOCARNO, TUNNEL MAPPO MORETTINA;TI;ASCONA-LOSONE;BELLINZONA;H 13;2705357;1115587
685;ALTDORF, KLAUSENSTRASSE - UR6017;UR;GLARUS;ALTDORF;H 17;2692563;1192235
686;ADLIKON (AB) - ZH4889;ZH;WINTERTHUR;SCHAFFHAUSEN;A 4;2693606;1270526
687;ALTDORF, GOTTHARDSTRASSE - UR6014;UR;SCHATTDORF;ALTDORF;H 2;2692293;1192372
690;FLUEELEN (AB);UR;VERZW. A2;FLUEELEN;A 4;2690095;1194347
691;LYSS;BE;SCHOENBUEHL;BIEL;A 6;2588418;1213107
692;GLARUS S, MITLOEDI;GL;GLARUS;LINTHAL;H 17;2724677;1207545
693;NAEFELS N;GL;NIEDERURNEN;GLARUS;H 17;2723375;1218668
694;ROOT (AB);LU;LUZERN;VERZW. A4/A14;A 14;2671004;1219138
695;ANSCHL. ROTHENBURG;LU;LUZERN;VERZW. A1/A2;A 2;2661700;1215715
696;BUETZBERG;BE;OFTRINGEN;KIRCHBERG;H 1;2622600;1228850
697;"CHAM N (AB)
CHAM N (AB)";ZG;HOLZHAEUSERN / LUZERN;ZUERICH / ZUG;A 4;2676966;1227672
708;KUEBLIS;GR;DAVOS;LANDQUART;A 28;2776814;1198675
720;SCHWYZ (AB);SZ;ALTDORF;LUZERN;A 4;2690230;1207580
721;CCTL - ST MAURICE WEST;VS;EINFAHRT NACH MARTIGNY;AUSFAHRT VON LAUSANNE;A 9;2567028;1117074
722;CCTL ST MAURICE OST;VS;EINFAHRT NACH LAUSANNE;AUSFAHRT VON MARTIGNY;A 9;2567261;1116925
723;OENSINGEN, AEUSSERE KLUS;SO;OENSINGEN;BALSTHAL;H 30;2619587;1239117
724;SCHOENENWERD;SO;AARAU;OLTEN;H 5;2642344;1246370
725;KLEINANDELFINGEN N (AB);ZH;WINTERTHUR;SCHAFFHAUSEN;A 4;2693835;1274028
726;ECUVILLENS (AR);FR;BERN;VEVEY;A 12;2573440;1178780
727;VERZW. RUETIHOF (AB);ZG;KUESSNACHT;VERZW. A4/A14;A 4;2675608;1222865
728;SEUZACH (AB);ZH;ST. GALLEN;WINTERTHUR;A 1;2698333;1265118
729;GALLERIA VEDEGGIO-CASSARATE;TI;LUGANO;A2/VEZIA;H 399;2715748;1098516
733;BRIENZWILER, WILERBRUECKE E;BE;MEIRINGEN;BRIENZ;H 6;2653387;1177168
734;INNERTKIRCHEN E, SUSTEN;BE;WASSEN;MEIRINGEN;H 11;2660615;1173133
735;ZWEILUETSCHINEN E;BE;GRINDELWALD;ZWEILUETSCHINEN;H 221;2636670;1164860
739;TURTMANN (AB);VS;BRIG;SION;A 9;2618987;1128351
743;CRISSIER (AR) RI NORD;VD;VEVEY/YVERDON;;A 1;2532720;1157030
744;CRISSIER (AR) RI SUED;VD;;GENEVE;A 1;2532653;1157011
746;SEFTIGEN, BURGIWIL N;BE;WATTENWIL / THUN;FRIBOURG / BERN;H 221;2606090;1182485
747;FRUTIGEN S;BE;ADELBODEN;FRUTIGEN;H 223.1;2615026;1159006
748;WEISSENBACH;BE;ZWEISIMMEN;SPIEZ;H 11;2595045;1161365
749;CHAMPFER S;GR;ST. MORITZ;SILVAPLANA;H 27;2781506;1149115
757;MITTALTUNNEL;VS;GAMPEL;KANDERSTEG;H 509;2624540;1131120
759;NAENIKON;ZH;RUETI;BRUETTISELLEN;A 15;2695144;1247776
760;USTER O;ZH;RUETI;BRUETTISELLEN;A 15;2698604;1244710
761;HINWIL N;ZH;RUETI;BRUETTISELLEN;H 340;2703721;1240827
763;HINWIL S;ZH;RUETI;BRUETTISELLEN;A 15;2704790;1237612
764;HIRZEL;ZH;BAAR;WAEDENSWIL;H 338;2688793;1230138
765;ST.GALLEN, WINKELN ALTER ZOLL - SG51;SG;VERZWEIGUNG A1;HERISAU;H 8;2740235;1251315
766;JONA;SG;JONA;RUETI;A 15;2707907;1233053
769;HERBLINGEN;SH;SCHAFFHAUSEN;DEUTSCHLAND;A 4;2692268;1286489
771;TUNNEL EGGFLUE;BL;DELEMONT;BASEL;A 18;2611917;1255634
773;FUELLINSDORF;BL;SISSACH;AUGST;A 22;2621405;1262481
775;LAUSEN;BL;SISSACH;AUGST;A 22;2624174;1258241
776;WALDSTATT;AR;HERISAU;APPENZELL;H 8;2740179;1247281
779;PILOTE - DOUANE VALLORBE;VD;Schweiz;Frankreich;A 9;2519559;1176075
780;CAMORINO;TI;LOCARNO;BELLINZONA;H 2;2719564;1113412
785;ESCHIKOFEN;TG;WEINFELDEN;FRAUENFELD;A 23;2718865;1271373
789;WEINFELDEN;TG;BUERGLEN;ESCHIKOFEN;H 14;2726998;1269315
797;NEU-BOIS, TUNNEL N (AR);JU;PORRENTRUY;;A 16;2567021;1258211
798;NEU-BOIS, TUNNEL S (AR);JU;;FRANCE;A 16;2567114;1257354
799;SERRIERES, TUNNEL (AR);NE;BIENNE;YVERDON;A 5;2558325;1203250
800;NEU-BOIS, TUNNEL (AR);JU;PORRENTRUY;FRANCE;A 16;2567055;1257821
801;MARIN EST (AB);NE;BIENNE;NEUCHATEL;A 5;2567508;1207039
802;MARIN OUEST (AB);NE;BIENNE;NEUCHATEL;A 5;2567479;1207038
803;BASEL - ST.JOHANN, TUNNEL W (AB);BS;BASEL;FRANKREICH;A 3;2609900;1268982
813;MILCHBUCK;ZH;ST. GALLEN;ZUERICH;A 1L;2683763;1250500
814;MARIN EST (AB);NE;BIEL;NEUENBURG;A 5;2567945;1207070
815;MARIN OUEST (AB);NE;BIEL;NEUENBURG;A 5;2566600;1206997
816;SISSACH (AB);BL;HAERKINGEN;AUGST;A 2;2627460;1256263
817;EFFINGEN (AB);AG;BIRRFELD;AUGST;A 3;2649451;1259468
818;SOLOTHURN (AB);SO;VERZW. A1/A5;BIEL;A 5;2607600;1227115
819;LENGNAU (AB);BE;SOLOTHURN;BIEL;A 5;2595657;1224026
827;BUCHS (AB);SG;SARGANS;ST.MARGRETHEN;A 13;2755103;1228625
828;TRUEBBACH N (AB);SG;SARGANS;ST.MARGRETHEN;A 13;2756615;1216480
829;BILTEN (AB);GL;SARGANS;ZUERICH;A 3;2721409;1223208
830;NIEDERURNEN (AB);GL;SARGANS;ZUERICH;A 3;2724880;1221058
833;BUETTENBERGTUNNEL;BE;SOLOTHURN;NEUCHATEL;A 5;2588669;1222090
834;LAENGHOLZTUNNEL;BE;SOLOTHURN;NEUCHATEL;A 5;2586722;1219426
837;SCHWAMENDINGEN (AB);ZH;WINTERTHUR;ZUERICH;A 1;2686636;1251514
839;STANS NORD (AB);NW;ALTDORF;LUZERN;A 2;2670640;1202115
840;BUOCHS WEST (AB);NW;ALTDORF;LUZERN;A 2;2674170;1202585
841;BUOCHS OST (AB);NW;ALTDORF;LUZERN;A 2;2677150;1202615
844;BAHNTAL GALGENBUCKTUNNEL;SH;SCHAFFHAUSEN;KLETTGAU;A 4;2688841;1282970
845;BAHNTAL GALGENBUCKTUNNEL VIRTUELL 1;SH;SCHAFFHAUSEN;KLETTGAU;A 4;2688842;1282940
846;BAHNTAL GALGENBUCKTUNNEL VIRTUELL 2;SH;SCHAFFHAUSEN;KLETTGAU;A 4;2688836;1283046
847;ENGI GALGENBUCKTUNNEL;SH;SCHAFFHAUSEN;KLETTGAU;H 13;2687838;1282946
849;FAESENSTAUB SUED;SH;WINTERTHUR;DEUTSCHLAND;A 4;2689091;1283251
850;CHOLFIRST NORD;ZH;WINTERTHUR;DEUTSCHLAND;A 4;2689163;1282960
851;ECHANGEUR GD.ST.BERNARD OUEST (AR);VS;SION;LAUSANNE;A 9;2573092;1106998
852;ECHANGEUR GD.ST.BERNARD EST (AR);VS;SION;LAUSANNE;A 9;2573706;1107161
853;BIENNE NORD (AB);BE;BIENNE;DELEMONT;A 16;2587263;1222983
854;BENKEN N (AB);ZH;WINTERTHUR;SCHAFFHAUSEN;A 4;2690786;1278336
855;BENKEN S (AB);ZH;WINTERTHUR;SCHAFFHAUSEN;A 4;2691429;1277447
856;OBEROHRINGEN (AB);ZH;ST.GALLEN;ZUERICH;A 1;2695925;1264464
857;THUN, ALLMENDTUNNEL S (AB);BE;SPIEZ;;A 6;2612530;1177486
858;THUN, ALLMENDTUNNEL N (AB);BE;;BERN;A 6;2611855;1179196
